tweet_no	tweet_text	q1_label	q2_label	q3_label	q4_label	q5_label	q6_label	q7_label
1	For the average American the best way to tell if you have covid-19 is to cough in a rich person‚Äôs face and wait for their test results	0	2	2	2	2	0	0
2	this is fucking bullshit	0	2	2	2	2	0	0
3	Can y‚Äôall please just follow the government‚Äôs instructions so we can knock this COVID-19 out and be done?! I feel like a kindergartner that keeps losing more recess time because one or two kids can‚Äôt follow directions.	0	2	2	2	2	0	0
4	No offense but the corona virus disappearing before April actually sucks	0	2	2	2	2	0	0
5	This is the face of someone who just spent 9 hours in personal protective equipment moving critically ill Covid19 patients around London.  I feel broken - and we are only at the start. I am begging people, please please do social distancing and self isolation #covid19 URL	1	0	1	0	1	0	0
6	Yesterday I knocked on my Tennant's door and told him he can stay in the property rent free for 5 months. He is self employed with 4 kids. I don't need Boris to tell me what is morally correct. Landlords, if you can, do more, do something. #COVID19 #BeNice	1	0	0	0	0	0	0
7	After COVID-19 is over, I better NEVER hear anyone trash ‚Äúlow end‚Äù workers again. Those people at the grocery store, the Dollar General workers, those fast food workers, the Walmart employees, those people you didn't even think deserved to have a wage to survive on?	0	2	2	2	2	0	0
8	This is Dr. Usama Riaz. He spent past weeks screening and treating patients with Corona Virus in Pakistan.   He knew there was no PPE. He persisted anyways.  Today he lost his own battle with coronavirus but he gave life and hope to so many more.   KNOW HIS NAME üò≠‚ù§ URL	1	0	1	0	0	0	0
9	fun fact: its tradition for europeans to spread a potentially fatal disease to every other country not fully inhabited by white people &amp; not take accountability for the subsequent devastation &amp; lives lost	1	1	1	1	0	1	1
10	When this Corona shit passes we have to promise each other that we‚Äôre going to tell our kids that we survived a zombie apocalypse in 2020	0	2	2	2	2	0	0
11	So shortness of breath is a corona symptom right but you know what also gives me shortness of breath? Anxiety. And you know what has been giving me anxiety? Thinking I have corona.	0	2	2	2	2	0	1
12	So, the last week I have been battling COVID-19 &amp; Pneumonia. Never in my life have I been this ill. ‚ÄúYoung people aren‚Äôt at risk, they‚Äôll only have mild symptoms‚Äù Wrong.   I want to open up about the difficulties I‚Äôve gone through these past days, what it was like in the ICU...	1	0	1	0	1	0	1
13	My mum has a PhD on Corona Virus from WhatsApp University	1	1	0	0	0	0	0
14	He told wealthy friends. Then cashed out a cool $1.4m in stock. Then voted AGAINST the covid-19 relief bill. He needs to go	1	2	1	1	1	1	1
15	future grandson: ‚Äúhey grandpa want a corona?‚Äù  me: URL	0	2	2	2	2	0	0
16	Korea finished developing the 10 minute Covid-19 diagnostic kit and is now ramping up production. They plan to export 300.000 test-kits per week - URL	1	0	1	0	1	0	1
17	tw suicide, COVID-19  Hey, so, um, there's a big elephant in the room right now. COVID isn't the only epidemic happening right now - and it's come at a bad, bad time. Not that there's ever a good time.  There's a mental health epidemic happening, and we're gonna start seeing-	1	0	1	0	0	0	1
18	Celebrities keep trying to sing the virus away like this is a Disney movie or something	0	2	2	2	2	0	0
19	maybe if i develop feelings for covid-19 it will leave	0	2	2	2	2	0	0
20	THREAD: I mostly talk about movies on here, but here goes. We are currently pivoting our factory to solely make surgical masks and other medical garments in short supply. We can make 2 million masks a day, and are looking to help in any way possible during this time. #COVID19 URL	1	0	1	0	1	0	1
21	My mans House would pop 6 Vicodin on Thursday and have that cure by Saturday morning.	0	2	2	2	2	0	0
22	I did almost everything right. Worked at home. Saw one friend in the last 10 days. Had a beer for an hour outside a pub, either side of a big table. Fresh air, no contact. Washed my hands 3 times.   Still caught corona from him.   Do not fuck around with this thing.	1	0	1	0	0	0	0
23	I do not understand how mcdonalds can serve two billion hamburgers every year but when I order five million at the drive thru it overwhelms the system	0	2	2	2	2	0	0
24	Bro China is out here reading niggas power levels and we cant even get adequate testing üßê	0	2	2	2	2	0	1
25	When this corona shit is over please invite me out. I know I be flaky sometimes but my ass is going to come outside I promise lol	0	2	2	2	2	0	0
26	Y‚Äôall miss your ex, I miss life without the corona virus	0	2	2	2	2	0	0
27	‚ÄúI stopped him and said, 'Look, this isn't a movie. You are not Will Smith in I Am Legend. Go home.‚Äù This is the updated compilation of Italian Mayors losing it at people violating #Covid19 quarantine. Yes, subtitles are accurate. URL	0	2	2	2	2	0	1
28	Please don't take hydroxychloroquine (Plaquenil) plus Azithromycin for #COVID19 UNLESS your doctor prescribes it. Both drugs affect the QT interval of your heart and can lead to arrhythmias and sudden death, especially if you are taking other meds or have a heart condition.	1	0	1	0	1	0	1
29	Day 5: We have rediscovered farming	0	2	2	2	2	0	0
30	This Corona virus will pass by mid April !! Speaking it into existence	1	1	1	0	0	0	0
31	Thank you everyone for your incredible messages of support and encouragement.‚ô•Ô∏è  Many of you asked what it was like in the ER right now. I want to share a bit with you. Please RT:  A Day in the Life of an ER Doc - A Brief Dispatch from the #COVID19 Frontline:	0	2	2	2	2	0	0
32	My fellow citizens,   THERE IS ABSOLUTELY NO NEED TO PANIC.  Essential commodities, medicines etc. would be available. Centre and various state governments will work in close coordination to ensure this.  Together, we will fight COVID-19 and create a healthier India.   Jai Hind!	1	0	1	0	1	0	0
33	Dogs when they found out their owners can‚Äôt leave because of the corona virus URL	0	2	2	2	2	0	0
34	no.. one...  cleans like Gaston quarantines like Gaston no one stops spreading COVID-19 like Gaston	1	1	0	0	0	0	0
35	This is why the beaches haven't closed in Florida, and why they've had minimal COVID-19 prevention. Absolute dysfunction. URL	1	0	1	1	1	0	1
36	My new favourite thing is Italian mayors and regional presidents LOSING IT at people violating quarantine. Here's an eng subtitled compilation. ‚ÄúI hear you wanna throw graduation parties. I'm gonna send the police over. With flamethrowers.‚Äù #Covid19 #coronavirus URL	0	2	2	2	2	0	0
37	COVID-19  Finally, some sensible advice from a Nurse  ‚ÄúWhat I have seen a lot of are recommendations for how to try to avoid getting coronavirus in the first place -- good hand washing, personal hygiene and social distancing -- but what I have NOT seen a lot of is advice for...	0	2	2	2	2	0	0
38	Corona Virus isn't real, the government just wants everyone inside for two weeks so they can change the batteries in the birds.	1	1	0	0	0	0	0
39	day 6 of quarantine: my dad gave a talk to the cats about covid-19 üò≠üò≠üò≠üò≠üò≠üò≠üò≠üò≠ URL	0	2	2	2	2	0	0
40	This is Generation Z.   I want to name that because folks love calling everybody 40 and under Millennials.  Millennials are not at Spring Break.  Millennials are at home yelling at their Boomer parents who won‚Äôt sit still because they have ‚Äúfaith over fear‚Äù.	1	0	0	0	0	0	0
41	‚Äúhey guys happy self quarantine. The corona virus is a real thing.‚Äù  wow I had no idea! thanks Kylie! URL	0	2	2	2	2	0	0
42	The World Health Organization warns young people: ‚ÄúYou are not invincible.‚Äù   COVID-19 could ‚Äúput you in hospital for weeks, or even kill you. Even if you don‚Äôt get sick, the choices you make about where you go could be the difference between life and death for someone else.‚Äù	1	0	1	0	0	0	1
43	This man hospital bill bout to be so much.	1	0	0	0	0	0	0
44	Video of a hospital in Spain. Watch it. Watch it again with the volume up.  Now cancel that brunch.  Postpone that coffee meet-up.  Rain check that dinner with friends.  Sucks doesn‚Äôt it? But not as hard as this üëá #COVID„Éº19 #coronavirus #StayAtHome   URL	0	2	2	2	2	1	1
45	When you‚Äôre a goalkeeper... and an only child... in self isolation... and trying to keep up with your training... üòÇüòÇcame up with this himself! I‚Äôm so impressed. #coronavirus #StayHomeStaySafe URL	0	2	2	2	2	0	0
46	Covid-19 might be big, but I just want to remind y‚Äôall that our God is BIGGER.‚ú®	0	2	2	2	2	0	0
47	CDC just announced that corona can be spread via Instagram story challenges :-/	1	1	0	0	0	0	0
48	Katie Porter's sister, a doctor, is breaking down how staying in can save lives during the COVID-19 crisis URL	1	0	1	0	0	0	0
49	Anybody else just randomly yell ‚ÄúCorona Virus‚Äù in Cardi‚Äôs voice ?	0	2	2	2	2	0	0
50	These workers need protection, healthcare, and sick pay‚Äîregardless of citizenship status. Their services are ESSENTIAL and there needs to be more aggressive dialogue around this issue. WHAT WOULD LIFE LOOK LIKE WITHOUT THEM? I don‚Äôt want to know!	0	2	2	2	2	0	1
51	me: h-  my mom with her phd in corona virus after graduating from whatsapp threads: URL	0	2	2	2	2	0	0
52	Check out BTS‚Äô message of hope to overcome #COVID19 by looking after each other! We invite Son Heung-min to continue the message!  URL  #StayConnected #StayStrong_ARMY #ÌûòÎÇ¥ÏÑ∏Ïöî_ÏïÑÎØ∏ #Ïö∞Î¶¨ÏùòÏùëÏõêÏùÑÏù¥Ïñ¥Ï£ºÏÑ∏Ïöî #BTSLoveMyself #ENDviolence	0	2	2	2	2	0	0
53	White People: COVID-19  Black Folks: the RONA   Gay People : Miss Rona   üò≠‚ò†Ô∏è	0	2	2	2	2	1	0
54	corona sis you leaving by may right? URL	0	2	2	2	2	0	0
55	wow...taken this morning....never seen Vegas this empty before tbh #coronavirus URL	0	2	2	2	2	0	0
56	There was a nasty flu that went round in December / early Jan. I‚Äôm telling you, that was corona. Bare ppl were sick (including me) complaining of what we now know as the symptoms for corona.	1	2	1	1	1	0	1
57	So, due to COVID-19 fucking everything up, i thought 'Why dont we have a Twitter prom?'   So, without further ado, i invite you all the My twitter prom! You can ask someone to go with you as a friend or as a partner. The prom will be held on the 25th of March.   Interact to join!	0	2	2	2	2	0	0
58	Batman bussing tables now. Times is hard.	0	2	2	2	2	0	0
59	From this                      to this URL	0	2	2	2	2	0	0
60	Today we lost 2 colleagues, A young adult cardiology fellow &amp; a medical oncologist due to COVID-19 .  We pause to pray for them, And yet this war is just starting, with no end in sight!  We ask for your prayers  We ask our politicians to help and aggresively act for support!	1	0	1	0	0	0	0
61	China has 24 times more people than Italy...	1	0	0	0	0	0	0
62	After this is all over, please remember in future job interviews to ask them what their company did to protect their employees with regards to the global COVID-19 situation. Can't be risking working for wayward companies.	0	2	2	2	2	0	0
63	my flintstones gummies from 15 years ago fighting corona   URL	1	1	0	0	0	0	0
64	Iceland tested its entire population. Read that again: ITS ENTIRE POPULATION.	1	2	1	0	1	0	0
65	But bitch y‚Äôall said‚Äî URL	0	2	2	2	2	0	0
66	Hi.   Yes, it originated in China, but the technical term is Covid-19   Your mom originated from the back of a Buick Skylark, but we call her Judith  Don‚Äôt be mean.	1	0	0	1	0	0	0
67	Dominican Republic found the cure for Covid-19 üò≠ URL	1	1	0	0	0	0	0
68	Y‚Äôall had the gummies? I was eating that pure ROCK we ain‚Äôt built the same	0	2	2	2	2	0	0
69	The epidemiologist who helped eradicate smallpox says Trump‚Äôs early handling of COVID-19 is ‚Äúis the most irresponsible act of an elected official that I've ever witnessed in my lifetime.‚Äù URL	1	0	1	1	0	0	1
70	Here‚Äôs a useful summary of the current best thinking among public health experts on how we need to approach the fight against COVID-19 in the coming weeks. URL	0	2	2	2	2	0	0
71	celebrities making singing videos as corona virus now tops over 230k cases worldwide  URL	1	0	1	0	0	0	0
72	Every Senator that did insider trading after that COVID-19 briefing should immediately resign.  Yes, that applies to both parties.	0	2	2	2	2	0	0
73	ICE pretended to be doctors. There are no fucking words. Please donate if you can	1	2	1	1	1	1	1
74	Bro idk what‚Äôs going on but I agree with them. Fuck mini coopers. Small ass cars always looking like a parking spot until you get closer.	0	2	2	2	2	0	0
75	Our medical professionals are heroes putting their lives on the line to keep our country going. Here's a look at how an ER doctor who already fought on the front lines of one crisis makes it through a day in this one. A good reminder for us to help them out by staying home.	0	2	2	2	2	0	0
76	Dear Allah, please protect Gaza at all costs	0	2	2	2	2	0	0
77	president of Slovakia showing up in her corona drip, hand-tailored matching fabric surgical masks..... impeccable URL	1	0	0	0	0	0	0
78	This episode of Black Mirror is too fucking long	0	2	2	2	2	0	0
79	This is for CORONA  you big fat white nasty smelling fat bitch why you took me off the motherfuckin schedule with your trifflin dirty white racist ass you big fat bitch oompa loompa body ass bitch I'm coming up there and I'm gonna beat the fuck out of you bitch	0	2	2	2	2	0	0
80	Bro these the only 3 songs I‚Äôm hearing on my TL üòÇ lord take this corona away now! URL	0	2	2	2	2	0	0
81	Not all heroes wear capes, sometimes they just wear blanket then netflix n chill for 2 weeks	0	2	2	2	2	0	0
82	its always the comfortable spots hits 3G ü•∫	0	2	2	2	2	0	0
83	me to corona after finding out she infected harvey weinstein URL	0	2	2	2	2	0	0
84	Germany is conducting 160k Covid-19 tests a week. It has a total 35k ventilators, 10k ordered to be made by the govt. It has converted a new 1k bed hospital in Berlin.   It‚Äôs death rate is tiny bcos it‚Äôs mass testing allows quarantine and bcos it has fewer non reported cases.	1	0	1	0	1	0	1
85	People after the covid-19 quarantine  : URL	0	2	2	2	2	0	0
86	Breaking: A child under the age of 18 has died of coronavirus in Los Angeles, public health officials announce, in what is believed to be the first child death from the virus in the US.  ‚ÄúA devastating reminder that COVID-19 infects people of all ages,‚Äù LA health official says.	1	0	1	0	1	0	1
87	Addressing the nation on battling the COVID-19 menace. #IndiaFightsCorona URL	0	2	2	2	2	0	0
88	Y‚Äôall dirty mfs brought corona home from Miami &amp; now it‚Äôs increased by 88% in 48HRS ....	1	1	1	1	1	1	1
89	everyone coming out of corona as barista	0	2	2	2	2	0	0
90	.@realdonaldtrump just said: ‚Äúif it were up to the doctors, they'd shut down the entire world.‚Äù Actually, if it were up to us, we'd save as many people as possible. We would follow the science &amp; evidence. We would never put politics ahead of the public's health #covid19	1	0	0	1	1	0	1
91	One of my coworkers died today from #COVID19. Not much older, great guy. We were just sitting together a couple weeks ago, talking about whatever. The next time I saw him, he was admitted to the ICU. And that was the last time I saw him.  My whole body feels numb. üíî	1	0	0	0	0	0	0
92	If you told me on New Years that within 3 months of 2020:                                -Kobe Bryant is dead -We‚Äôd be quarantined from COVID-19 -Schools and sports are shut down -Tom Brady is a Tampa Bay Buccaneer   I would‚Äôve legitimately thought the world was ending.	1	0	0	0	0	0	0
93	ya Allah, You already gave them huge test much more than us around the globe. If this is for their own good,  provide them strength to go through it. üíå	0	2	2	2	2	0	0
94	One day, if he wants, and when all this is over, I would like to practice my freeckicks with him on goal! What do you think? üôå	0	2	2	2	2	0	0
95	THREAD: There‚Äôs a strong and understandable desire to return to better times and a functioning economy. But it should not be lost on anyone that there's no such thing as a functioning economy and society so long as covid-19 continues to spread uncontrolled in our biggest cities.	0	2	2	2	2	0	0
96	Mitch abandoned bipartisan work on the COVID-19 bill, then tried to pass a no-strings attached corporate bailout that didn't sufficiently help health care workers, first responders, and working class families. Focus on the PEOPLE, USERID not Wall Street.	1	2	1	1	1	0	1
97	Trigger warning.  This man was too afraid he‚Äôd infect his family and thought he wouldn‚Äôt get proper treatment because they‚Äôre poor so he just took his own life. THE GOVERNMENT NEEDS TO ASSURE FILIPINOS THAT WHEN THEY GOT THE VIRUS, THEY CAN GO TO A HOSPITAL &amp; BE TREATED FOR FREE!	0	2	2	2	2	1	1
98	This is my mom. She‚Äôs my hero. She‚Äôs a 60 year old primary care physician testing patients for #COVID19. She is putting her health on the line to test patients, get them the care they need, and do what she can to prevent community spread and the overburdening of our hospitals. URL	1	0	0	0	0	0	0
99	Exactly one month ago Italy found its first case of #coronavirus. I‚Äôll tell you what happened in only one month. I hope you can learn from our mistakes.	1	0	1	0	0	0	0
100	This is RITM Director Dr. Celia Carlos who was allegedly unjustly removed from her position because she refused to prioritize the processing of COVID-19 tests of asymptomatic politicians and other VIPs over patients with symptoms. RESPECT! #JusticeforDrCarlos #NOtoVIPTesting URL	1	0	1	1	1	0	1
101	To be clear, Sen Loeffler not only dumped stock, illegally using non-public information (allegedly), she used the proceeds to buys stock in a TELEWORKING SOFTWARE company, profiting off the #COVID19-induced collapse of the economy.	1	0	1	1	1	0	1
102	Texas, NY, &amp; Cali are the 3 largest states. Cuomo &amp; Newsom are aggressive, *knowing* what's to come.  In Texas, Greg Abbott is ‚Äúfake coughing‚Äù to a reporter's questions, and Sen Cornyn is tweeting Corona beer pics  2 weeks from now my state will be a dystopian rodeo.  Book it.	1	0	1	1	1	1	1
103	I hear unfounded rumors about #NationalGuard troops supporting a nationwide quarantine. Let me be clear: There has been no such discussion. ... For news about the great work the Guard IS doing to support the #Covid_19  response, click the link. #COVID19  URL	1	0	1	0	1	0	0
104	FRIENDS. The stuff about nature healing and wildlife returning because of COVID-19 is fake. URL	1	1	1	0	1	0	0
105	‚ö† Due to the large amount of speculation regarding #COVID19, this is a reminder to rely on OFFICIAL sources for accurate information.  Help control the spread of rumors by sharing this page:  URL URL	0	2	2	2	2	0	0
106	Be vigilant for misinformation, rumors, and factual errors. Go to trusted sources for information about #COVID19! URL	0	2	2	2	2	0	0
107	Reminder that two Republican senators were implicated this weekend in an insider trading scandal, selling millions in stock while telling voters COVID-19 was a hoax.   Neither Republican has resigned.	1	0	1	1	1	1	1
108	Fox News claims it never called COVID-19 a hoax. Let's check the receipts. URL	1	0	1	1	1	0	0
109	Remember when the Chairman of the Senate Intelligence Committee enriched himself through stock trades off of inside information about the danger of COVID-19 while his Party told people it was a hoax to get Trump?	1	0	1	1	1	1	1
110	Voice notes, broadcasts &amp; images are being shared on Whatsapp and other platforms with FAKE NEWS  These messages are developed with the intent to cause fear &amp; panic  Please disregard messages that are not signed by official sources URL #COVID19 URL	1	0	1	0	1	0	0
111	Gee, if COVID-19 isn‚Äôt a hoax after all, is it possible climate change isn‚Äôt either? Should we perhaps learn something from this crisis, believe scientists, and avoid getting caught flat-footed next time?	0	2	2	2	2	0	0
112	At 8:00 pm today local time in #Wuhan. See how few lights there are? One can fake the numbers, but can‚Äôt fake the fact that only a few apartments  are still lit up. Where have people gone? #CCPVirus #COVID19ON #coronavirus URL	0	2	2	2	2	1	1
113	This is unbelievable. It reportedly took Macron's threat to close the UK border for Boris Johnson to finally shutdown bars and restaurants. The Elysee refers to UK policy as 'benign neglect'. This failure of leadership is costing lives.	1	0	1	1	1	1	1
114	Things the GOP has done during the Covid-19 outbreak:   - Illegally traded stocks  - Called it a hoax - Blamed it on China  - Tried to bailout big business without conditions  What they haven‚Äôt done:   - Help workers  - Help small businesses - Produced enough tests or ventilators	1	0	1	1	1	0	1
115	BREAKING: USERID Chief Of Staff, Abba Kyari, Reportedly Sick, Suspected Of Contracting #Coronavirus | Sahara Reporters A top government source told SR on Monday that Kyari has been seriously ‚Äúdown‚Äù since returning from a trip abroad. READ MORE: URL URL	1	0	1	0	1	1	1
116	3/16: ron paul publishes article calling corona a hoax 3/22: ron paul's son tests positive for corona URL	1	2	1	1	1	0	0
117	Rumours are no less infectious than #coronavirus ! This looks like a meticulous list, but a fake one too! Please note that no such directions have been given by USERID . In case of any doubt, please #Dial100 or tweet to us! #TakingOnCorona URL	0	2	2	2	2	0	0
118	As we saw over the wkend, disinfo is being spread online about a supposed national lockdown and grounding flights. Be skeptical of rumors. Make sure you‚Äôre getting info from legitimate sources. The USERID is holding daily briefings and USERID is providing the latest.	1	0	1	0	0	0	1
119	.@realDonaldTrump, dear Lord‚Äîplease step up and be a leader.¬†While you have been yammering about hoaxes and fake news, the COVID-19 pandemic has hit all over America. USERID and others have filled this country‚Äôs leadership gap. Lead or get out of their way.	1	1	1	1	0	0	1
120	Sorry, there is no coming back from saying this was all a ‚Äúhoax.‚Äù  I don't give a fuck about ‚Äúchange of tone,‚Äù ‚Äúchange of heart,‚Äù nothing.  You mutha fuckers took a serious situation and endangered ALL just to defend a bigot.  Fuck you.  Not sorry.  #coronavirus	0	2	2	2	2	1	1
121	Delhi Police has registered a case under section 509 of the Indian Penal Code against a man who allegedly spat on a woman belonging to Manipur and called her ‚ÄúCorona‚Äù in Vijay Nagar area of north Delhi last night. URL	1	0	0	0	0	0	0
122	Fake news peddler Dhruv Rathee had said:  ‚ÄúCorona virus won't spread outside China, we need not worry‚Äù  Has this guy ever spoke something sensible? URL	1	0	0	1	1	0	0
123	This photo circulating about a case of #COVID19 in Kano allegedly reported by USERID is FALSE  This image has been doctored to spread fear and panic  Details on confirmed cases can be found via URL  #FactsNotFear #COVID19Nigeria URL	1	2	1	1	1	1	1
124	Sen. Rand Paul, the guy who opposed the #coronavirus relief bill and paid sick leave, tested positive on March 22 and is ON PAID SICK LEAVE  His father, and former Congressman, Ron Paul, published an essay titled ‚ÄúThe Coronavirus Hoax‚Äù on March 17. Hypocrisy infects from the root URL	1	0	2	1	1	0	0
125	Never Forget..  When India was fighting Corona, pigs like USERID were sharing Fake News to Create Panic for Congress Propaganda. There's no shortage of PPEs.   Assam Medical college students were testing PPEs as what can be used if shortage occurs. URL	1	2	1	1	1	1	1
126	FOX News put their viewers at risk by making them believe the COVID-19 pandemic was a hoax.   Those viewers then put the entire US population at risk, and many people have lost their lives.   FOX News should face a class action lawsuit to hold them responsible.   #FOXClassAction	0	2	2	2	2	0	1
127	This isn‚Äôt a conspiracy tweet but I really think COVID-19 has been here in America for awhile. Do you guys remember how sick everyone was during the holidays/early January? And how everyone was saying they had the ‚Äúflu‚Äù and the flu shot ‚Äúdidn‚Äôt work‚Äù?	0	2	2	2	2	1	1
128	Fox News claims it never called COVID-19 a hoax. Let's check the receipts. URL	1	0	1	1	1	0	0
129	If U love humanity, then pl stop forwarding any fake msg abt #Hantavirus to avoid panic, when we already hv enough to fight wid #Coronavirus. Hanta Virus spreads only from an infected animal's urine,faeces or saliva.  Pl educate yourself &amp; RT for others to understand. #NoFakeNews URL	1	0	1	0	1	0	0
130	Outside of Chicago just now #coronavirus #forcedisolation  #militarytrain #notahoax URL	0	2	2	2	2	0	0
131	Coronavirus: AltNews founder, Shekhar Gupta and others spread unverified claims by a fake twitter account  URL	1	0	1	1	1	0	0
132	A message from the Ministry of Information ‚ÄúThe General Public is hereby urged to disregard any voice note circulating on WhatsApp that a helicopter will spray ‚Äòantivirus‚Äô throughout the Nation by 11:00 pm. This news is fake and should be disregarded in its entirety.‚Äù RT #COVID19	1	0	1	0	0	0	0
133	USERID USERID USERID ‚ÄúWE ARE DESPERATE‚Äù: 10 Nurses &amp; Doctors Explain What It's Like To Fight #COVID19 Without Enough Face Masks.  How do I know this isn't #FakeNews? Because my kid is an ICU nurse in CA. They haven't had enough #N95masks from the very start.   #GetMePPE 1/  URL	0	2	2	2	2	0	1
134	- Create a Fake account - Tweet Fake news - Pidi journalists will RT &amp; Quote RT - Then the original pidi will Quote RT - Create panic - Say Sorry - Deactivate the account  URL	0	2	2	2	2	0	0
135	The Chinese Communist Party suppressed information about the #COVID19 outbreak from the world for political purposes. Rather than take accountability they are actively pushing a conspiracy theory propaganda campaign against the United States. üìΩÔ∏è: USERID / USERID URL	1	2	1	1	1	1	1
136	TOP #COVID19-FacePalm DOCTOR NOMINEES  1 Dr HT Ong.Cardiologist Penang. Lawan City Council Enforcer sebab nak exercise masa MCO 2 Dr Adham. Minum air panas untuk bunuh. Fake info. Pseudoscience False reassurance 3 Dr Osman. Refuse testing. Infect everyone around him  Ongoing list URL	0	2	2	2	2	0	0
137	[Tweeting again with detail in single tweet so no alarm]  JUST IN: 38-yr-old #Covid19 positive  man dies in Patna. Had serious kidney problems that let to renal failure shortly after returning from Qatar. Makes this 1st ‚Äòvirus-linked‚Äô death of someone who isn‚Äôt a senior citizen.	1	2	1	0	1	0	0
138	Fearmongering #PharmaFauci - who  built his entire career on the BOGUS HIV-AID$ causality by pushing a #FakeScience of the immune system &amp; imperial control of servile academics, NOW thinks he‚Äôll get away with this current scam upon a petrified #coronavirus American public.   NOT!	1	1	1	1	1	1	1
139	#FakeNews playbook. Put the word ‚ÄúFALSE‚Äù in big purple letters over the Q post showing clearly how the #Covid19 pandemic could not have been an accident, hoping that the public won't see how far outside of standard deviation all the ways it hurts Trump is. URL	0	2	2	2	2	1	1
140	‚ÄúNobody wants to go close to me.‚Äù  After Nigeria recorded its first positive #COVID19 case, a story went viral on social media. It claimed the patient's taxi driver was demanding a payment not to spread the disease. The story was fake, but the impact on Jude has been very real. URL	1	0	1	0	0	0	0
141	Shout out to USERID &amp; USERID This is what real leadership looks like. They are kicking ass &amp; doing so w/ empathy &amp; respect, taking care of our citizens while Trump is trying to make us believe he changed his mind about calling the #Coronavirus a hoax!	0	2	2	2	2	0	1
142	I was starting to think the Coronavirus fear-mongering was actually really something to worry about.  Then this move by Pelosi happened, and it all became clear again.  COVID-19 is a hoax.	1	1	1	1	1	1	1
143	Trump's timeline of handling the corona crisis:  One month ago: it's a hoax. Way overblown.   Two weeks ago: this is serious. We must take action to prevent its spread.   This week: ehhhh on second thought maybe a million or so Americans dying isn't *that* bad	1	2	1	1	1	1	1
144	Know the facts about #COVID19. Don‚Äôt share rumors &amp; unintentionally spread misinformation. Federal, state &amp; local governments are posting current and accurate information. For help in distinguishing rumor from fact, see USERID Coronavirus Rumor Control: URL URL	1	0	1	0	0	0	0
145	Patients with #COVID19 have reportedly had mild to severe respiratory illness. Symptoms include fever, cough, or shortness of breath. Learn more about COVID-19 symptoms: URL URL	1	0	1	0	0	0	0
146	Hungarian Justice Min. USERID sends bill to Parliament: - State of emergency til end of 2020 - Rule by decree - Parliament suspended - No snap elections/referendums - Spreading fake news and rumors punishable with up to 5 years in prison #COVID19  URL	1	2	1	0	1	0	1
147	#WATCH An airline staff appeals to all not to spread rumours and instead educate yourself &amp; others about #COVID19, after she gets harassed by people in her housing society for allegedly spreading #Coronavirus. URL	1	0	1	0	0	0	0
148	Shameful that a person of your repute spreads fake news/rumours in blind hate for India and its traditions. India as a mark of respect came out in balconies on call of PM USERID to applaud doctors, health as well as emergency workers. There was no other reason. Fact check?	1	2	1	1	0	0	0
149	Another 'fake news' being peddled in India is India is a country of vegetarians, so it is not going to be affected by #CoronaVirus like China. Vegetarianism &amp; #Corona has NO connection. + India's vegetarianism is a myth, 80% Indians are meat eaters!  URL	1	0	1	0	1	0	0
150	To-date, Uganda has NO confirmed case of #COVID19. There is an article alleging that ‚ÄúUganda confirms 1st case of Coronavirus‚Äù-this is NOT true and absolutely FAKE. People, please stop spreading rumors. Our teams are working around the clock to protect you &amp; keep COVID out of üá∫üá¨ URL	1	2	1	0	1	0	0
151	My fraud warning published this morning, please read and share - Frank Figliuzzi : Coronavirus scam alert: From fake Starbucks coupons to taxpayer fraud, cons are going viral ‚Å¶@NBCNewsTHINK‚Å© USERID #coronavirus  URL	1	2	1	0	0	0	1
152	An online website has falsely reported that the Government is likely to impose Financial Emergency in India to tackle the crisis  caused by #Covid19.   Please be advised that the story is malicious and fake and that there is no such plan. URL	1	0	1	0	1	0	0
153	‚ÄúChina and the WHO's chief: Hold them both accountable for pandemic‚Äù: An indictment of how ‚Å¶@WHO‚Å© chief ‚Å¶@DrTedros‚Å© allegedly helped Chinese president #XiJinping conceal full extent of #COVID19 for weeks in Jan, causing a global disaster. Read! URL	1	2	1	1	1	1	1
154	One million dirhams fine. 5 years jail and deportation and ban for life from #UAE for sharing any unconfirmed or #FakeNews about #CoronaVirus on social media or whatsapp.  #UAE Government  The best announcement I have heard during this pandemic.  Can we do this in #Pakistan ?	1	0	1	0	0	0	1
155	So far I know 2 ppl close to me that have tested positive for Corona. Both are recovering from pneumonia in hospital. It‚Äôs not a game or a conspiracy. Ppl don‚Äôt need well wishes etc... they need you to stay home	1	2	2	0	0	0	0
156	#FakeNews Alert  #PIBFactCheck: The claim that Paracetamol can treat #Coronavirus infection is false!  Beware of #False remedies being shared on #Covid19india .  For authentic information on #CoronavirusInIndia follow USERID URL	1	0	1	0	1	0	0
157	Prisoner released early over COVID-19 concerns allegedly broke into woman‚Äôs home, tied her up at knifepoint, and threatened to kill her URL	1	0	1	2	1	1	1
158	#CoronaVirus Fact Check  Hop on and RT if you ‚ù§Ô∏è DJT  üá∫üá∏ SUPPORT USERID üá∫üá∏ RT this tweet  üá∫üá∏ COMMENT with your handle @ üá∫üá∏ FOLLOW those who comment üá∫üá∏ BOOKMARK/COME BACK  Follow USERID #CoronavirusPandemic  #FakeNews URL	0	2	2	2	2	0	0
159	Namaskaram, this message is not from Sadhguru. This is a fake message that is being circulated on WhatsApp. We request you to delete these tweets. üôèüèª	1	2	2	0	1	0	0
160	News is that since January, classified security briefings told Trump that a pandemic was coming.  Trump did nothing, told us it was a ‚ÄúDemocrat Hoax,‚Äù and that the fifteen cases would soon be none. Thread.  #coronavirus #TrumpPandemic #TrumpLiesPeopleDie   URL	1	0	1	1	1	1	1
161	Trump's decision to do nothin' and call #COVID19 a ‚Äúhoax‚Äù needlessly exposed millions that might have taken action if properly made aware.  There will be a river of blood that will forever stain Trump's tiny hands.	1	0	1	1	0	1	1
162	Trump says ‚Äúwe were early‚Äù on #coronavirus.  2/26 ‚ÄúThe 15 (people) within a couple of days is going to be down to close to 0‚Äù  2/28 ‚ÄúOne day, it‚Äôs like a miracle, it will disappear‚Äù   2/28 ‚ÄúThis is their new hoax‚Äù   3/12 ‚ÄúIt‚Äôs going to go away‚Äù  Yup. We were early	1	0	1	1	1	0	1
163	Actual people telling the World that Pakistan is taking precautions against #CoronaVirusPakistan. But our Fake Media giving only hype &amp; sensationalism. We all have to be ONE in this war against #CoronaVirus. Stay home. Stay safe. URL	1	0	1	1	0	0	0
164	Maddow - the woman who has peddled lies and wild conspiracy theories for 4 years - is calling on Trump to stop his COVID-19 pressers ü§¶üèø‚Äç‚ôÇÔ∏è  Zero self-awareness.   URL	1	2	1	1	1	0	0
165	The fact that people refuse to stop gathering in large groups because they don't believe millions of Americans could die is Donald Trump's fault. You can't tell your constituents that the media lies &amp; science is fake &amp; be shocked when they refuse to take Corona seriously.	1	0	1	1	0	0	1
166	This is called a Presidential clap back at the liberal media.   President USERID says the American people are looking for hope and answers not this media sensationalism!   Thank you for fighting for the American people during this #coronavirus. Fight the #FakeNews URL	1	0	1	1	0	0	0
167	I repeat... China warned WHO of the New Corona Virus in DEC of 2019...  The President of the US called it a ‚ÄúHOAX‚Äù until about 10 days ago!!!	1	0	1	1	1	0	1
168	Government of India issues advisory to all social media platforms in order to curb the Misinformation/#FakeNews on #Coronavirus.  As #IndiaFightsCorona join the league of #coronawarriors   Suspect a forward to be #Fake : #Whatsapp Us: +91 87997 11259  | üìß- pibfactcheck@URL URL	1	0	1	0	0	0	1
169	We don't like rumors. Please don't spread them. If you are telling people that the Nat. Guard is going to impose Martial Law, please stop. It's not true. They are busy being helping distribute medical supplies. Please and thank you. #COVID19 #kckpd #commonsense #norumors URL	1	0	1	0	0	0	0
170	Congress Gen Secy Ms USERID  asks people not to panic ; don‚Äôt spread fake news ; take precautions and wash hands... #Corona URL	1	0	1	0	0	0	0
171	I attended the AMVCA on the 14th of March at Eko hotel. Even the After party.   I decided to isolate myself a day after when a rumor began, Early morning Work outs daily in my room.   I obeyed the 14 days Isolation period. Day 9 now. Love and light Guys. ü§≤üèº #Covid19Out	1	0	0	0	0	0	0
172	Garlic may be tasty, but it WON'T protect you from the new #coronavirus.  Don't spread rumors.  The fight against #COVID19 is also a fight against disinformation.  #ShareInformation #ShareKnowledge #StayAtHomeChallenge URL	1	0	1	0	1	0	1
173	I have never hidden my hatred and utter disgust for the Nigerian ruling class. I'll not start with the fake sympathy now, there's nobody that deserves what is coming for them more than them. I hope corona virus does a thorough job. üòë	0	2	2	2	2	1	1
174	Flu Season is winding down and warm weather is returning.  Experts predicted 70% of Americans would be infected with #COVID19.  Turns out .005% were.  Missed it by THAT much.  #FearPorn, it's the new #FakeNews.	1	1	1	1	1	1	1
175	After failing to correct USERID lie that President Trump called the #coronavirus a ‚Äúhoax,‚Äù USERID Jake Tapper admitted he knew ‚Äúthe president did not call the virus a hoax.‚Äù  Today USERID repeated the same lie. Tapper did not correct him. URL #FactsFirst URL	1	2	1	1	1	1	1
176	If our ‚Äúleaders‚Äù don‚Äôt want people to start believing this is all a hoax, they best stop playing politics with it.   Out in the real world patience and trust is wearing thin.   USERID USERID #ChineseVirus #COVID19 #coronavirus	0	2	2	2	2	1	0
177	This man is spreading lies and fake news.  Dear responsible Malaysians, kindly report him to URL. Thank you.	1	2	1	1	1	1	1
178	Senior propagandist for the Chinese communist regime spreading more conspiracy theories. Same dickhead who said virus originated in US.   Twitter allows Chinese govt officials on their platform even though Twitter is banned in China.	1	2	1	1	1	1	1
179	Correct him and keep quiet because you cannot arrest him!!! How many rumors have you spread on this platform. WHO ARE YOU?	0	2	2	2	2	0	0
180	Bihar reports first COVID-19 death: 38-year-old man with travel history to Qatar dies at AIIMS, Patna, says hospital official	1	0	1	0	0	0	0
181	Bihar: The 38-year-old man who has passed away at AIIMS in Patna and tested positive for #COVID19, had foreign travel history to Qatar.	1	0	1	0	0	0	0
182	#Qatar refused to prepare a hospital for the thousands #CoronaVirus infected migrant workers on its soil, instead, it has locked them inside animal shelters without any medical care! Migrants workers are not slaves, they have rights! Shame on #HumanRights orgs for being silent!	1	1	1	1	1	1	1
183	NEW #CDCTRAVELNOTICES: #COVID19 in Romania, Qatar, Singapore, Saudi Arabia, Philippines, Ecuador, South Africa, Indonesia, and India. Avoid all nonessential travel to these areas. More information: URL. URL	1	0	1	0	0	0	1
184	Saif Ali returns frm Qatar, goes to Munger, Bihar. Gets unwell, is admitted to hospital, referred to AIIMS but dies. Doc found he is Corona+ Police reaches home, puts entire family in quarantine. Now Evry member has ran away from home &amp; everyone's scared URL	1	0	1	0	1	1	1
185	First Corona death in Bihar. 38 years old Saif Ali died last night at AIIMS, Patna. He returned from Qatar few days back .	1	0	1	0	0	0	0
186	Bihar:One person aged 38 years  died at AIIMS Patna due to #Coronavirus.He returned from Qatar and was admitted in hospital on March 20. #CoronaVirusUpdate URL	1	0	1	0	0	0	0
187	Rwanda confirms 17 new COVID-19 cases bringing total to 36. 9 travellers from Dubai. 3 travellers from Kenya. 3 travellers from USA. 1 traveller from Qatar. 1 traveller from India. 1 contact of a previous case. URL	1	0	1	0	0	0	0
188	These are the World Cup 2022 workers quarantined in miserable conditions in Qatar.. this is inhuman.. does USERID accept this crime? USERID USERID USERID  USERID USERID USERID #Coronavirus #Covid_19 URL	1	0	1	1	1	1	1
189	Amnesty says Qatar refused to prepare hospital for workers infected with #coronavirus working on projects like USERID Amnesty confirmed many cases inside ‚Äúlabour camps‚Äù where workers in Qatar live. I warned about this days ago. #coronavirus USERID has blood on its hands	1	2	1	1	1	1	1
190	I just landed at JFK after reporting on #coronavirus in Milan and Lombardy ‚Äîthe epicenter of Italy‚Äôs  outbreak‚Äî for USERID I walked right through US customs. They didn‚Äôt ask me where in Italy I went or if I came into contact with sick people. They didn‚Äôt ask me anything.	1	0	1	1	1	1	1
191	ALERT‚ÄºÔ∏è‚ÄºÔ∏è‚ÄºÔ∏è The corona virus can be spread through money. If you have any money at home, put on some gloves, put all the money in to a plastic bag and put it outside the front door tonight. I'm collecting all the plastic bags tonight for safety. Think of your health.	1	0	1	0	0	0	0
192	COVID-19 health advice‚ö†Ô∏è URL	0	2	2	2	2	0	0
193	‚ö†Ô∏èChinese doctors say autopsies of #coronavirus victims suggest that #COVID19 is ‚Äúlike a combination of #SARS and #AIDS as it damages both the lungs and immune systems,‚Äù and can cause ‚Äúirreversible‚Äù lung damage even if the patient survives.  USERID URL	1	0	1	0	1	1	1
194	.@NationalNurses President Deborah Burger reads a public statement from one of our quarantined #nurses who works at a northern California Kaiser facility.  Full statement ‚û°Ô∏è URL #COVID19 USERID URL	0	2	2	2	2	0	0
195	WOW. A man in Incheon, west of Seoul - who contracted #coronavirus - has documented his symptoms and activities for past 25 days since his felt the symptoms in 38 pages in remarkable detail. He wore masks and gloves at home and all 23 close contacts tested negative for the virus. URL	1	0	1	0	1	0	1
196	So the CORONA virus stopping y‚Äôall from eating Chinese food N TRAVELINGüôÑ  but HIV ain‚Äôt stop y‚Äôall from fuckin RAWüòíü§î URL	0	2	2	2	2	0	0
197	Miss corona u have another job to do üòçüòç	0	2	2	2	2	0	0
198	ALERT‚ÄºÔ∏è‚ÄºÔ∏è‚ÄºÔ∏è The corona virus can be spread through internationaly printed albums. If you have any albums at home, put on some gloves, put all the albums in a box and put it outside the front door tonight. I'm collecting all the boxes tonight for safety. Think of your health.	1	0	1	0	0	0	0
199	How many people‚Äôs #Coronavirus tests could be covered by the cost of building a...tennis pavilion at the White House?	0	2	2	2	2	0	1
200	This is deadly serious:  Talking about corona-virus this morning, Trump said, 'We closed it down. We stopped it.'  There were 15 confirmed cases in the US a week ago.  There are 233 today.  There will be *5,000* in a week  TRUMP'S INCOMPETENCE KILLS. URL	1	0	1	1	0	0	1
201	People in the USERID Administration need to resign for the continuing massive testing deficiencies.  USERID knew in January about #Covid_19. And he failed to do the one thing necessary to stop the spread of #coronavirus: to test for it so we can contain it.	1	0	1	1	1	0	1
202	It‚Äôs Friday. That means USERID is lying, again. USERID has not stopped the #CoronavirusOutbreak. It has now grown &amp; spread to 21 states with over 225 cases in the US. And we can‚Äôt contain it because we still don‚Äôt have enough test kits to know where the virus is.	1	0	1	1	1	0	1
203	The meth you mistook for molly in 2014 was the Corona virus vaccine	1	1	0	0	0	0	0
204	let's get an F in the chat for grandpa	0	2	2	2	2	0	0
205	It‚Äôs March &amp; we still lack adequate #coronavirus test kits. This is a dereliction of duty by USERID He knew about the virus in January.  Instead of leading, USERID is spewing false information about #COVID„Éº19 to downplay the growing outbreak. Completely unacceptable.	1	0	1	1	1	0	1
206	Rick Santelli on USERID just made the argument that we'd be better off if everyone got the #coronavirus right away and 2% of the world died off, so that financial markets could stabilize.  Rick likes Republicans, don't be like Rick. This should go viral.  #VoteBlueToSaveAmerica URL	1	0	1	1	0	1	1
207	WATCH: 'The best estimates now of the overall mortality rate for COVID-19 is somewhere between 0.1% and 1%,' Adm. Brett Giroir, assistant secretary for health at HHS, says. 'That's lower than you heard probably in many reports ... it's not likely in the range of 2 to 3%' URL	1	0	1	0	0	0	1
208	There's not a single confirmed case of an Asian infected in NYC. Stop discriminating cause the virus definitely doesn't. #racist #coronavirus URL	1	1	1	0	0	0	0
209	Panic buying is a symptom of a dysfunctional society diseased with individualism  To those with litres of soap at home- do you realise that to slow the transmission of COVID-19 you need other people to be cleaning their hands too?!  A fortress of toilet paper will not protect you	1	0	1	1	0	1	0
210	As soon as President USERID heard that the #Coronavirus was a problem in China he shutdown entry into the United States from China.  This saved many lives!  #TrumpTownHall URL	1	0	1	0	1	0	1
211	I'm gonna have to go on TotalSportek for my nans funeral ffs	0	2	2	2	2	0	0
212	Epidemiologist Marc Lipsitch, director of Harvard's Center for Communicable Disease Dynamics: ‚ÄúIn the US it is the opposite of contained.' URL	1	0	1	1	0	1	1
213	JUST GOT THIS: Personal statement by Hisham Hamdan, Covid-19 @ Case 26.  Read it. Eye-opening. URL	0	2	2	2	2	0	0
214	Toronto has another case of #COVID19 in a traveler who acquired the infection in.....Las Vegas.  You heard that right - Las Vegas.  The USA is exporting cases and the travel history is rapidly becoming irrelevant.  URL	1	0	1	1	1	1	1
215	BREAKING: There have now been more than 100,000 #coronavirus cases worldwide. 3,398 people have died of #COVID19 and 55,672 people have recovered.	1	0	1	0	0	1	1
216	I decided to read almost every paper that exists on #CoronaVirus today.  My background is Biology and Neurology and I'm obsessed with catching parabolic trends early, data and medical research.  Here is a thread with the latest research  Feel free to retweet or cite with credits	0	2	2	2	2	0	0
217	I wish to express again my closeness to those who are ill with the #coronavirus and to healthcare workers who are caring for them, as well as to civil authorities and all those involved in assisting patients and in containing the spread of the virus.	0	2	2	2	2	0	0
218	Hmmm. Yet if it was Harry and Meghan that joked about this, it would be ‚ÄúMeghan wishes death upon the innocent citizens of Great Britain‚Äù	0	2	2	2	2	0	1
219	BREAKING: Trump could still own stock in a company that, according to the CDC, will play a major role in providing coronavirus test kits to the federal government, which means that Trump could profit from coronavirus testing. #COVID„Éº19 #coronavirus  URL	1	1	1	1	1	0	1
220	Coronavirus COVID-19 Global Cases as tracked by Johns Hopkins University's USERID URL URL	0	2	2	2	2	0	1
221	did y‚Äôall know that there are 96,950 cases of COVID-19 right now?  Did y‚Äôall know 3,308 people have died from it?  BUT did y‚Äôall know that 53,981 of these cases have already recovered?  Stop letting the media control your brain. Scare tactics are real tactics. Do your research.	1	0	1	1	0	0	0
222	Dear USERID Pence: Is the below true? Do you have a plan?  Also, when are local jurisdictions going to get the #Coronavirus test kits you promised?	0	2	2	2	2	0	1
223	I work with a mat salleh boss and every time he hears someone sneezes or coughs he would ask them to go back immediately, or work from home. The thing about us Asians is, we always think RAJINNYA DTG KERJA WALAUPUN SAKIT SO MUCH DEDICATION BUT NO YOU'RE JUST SPREADING GERMS.....	1	0	0	1	0	0	0
224	Same people used in multiple photos for corona claims in different cities across the world  &gt;&gt;33 is a prevalent number apparently. URL	1	0	0	1	1	1	0
225	After weeks of the Federal Government dragging its feet on COVID-19 testing, Trump just admitted in front of the cameras he wants to manipulate the measurement of the outbreak for his personal political benefit.	1	0	1	1	1	0	1
226	Tomorrow this boomer is turning 25.. üë¥ I will leave be going to France for skiing + maybe get corona virus, so I will be mostly AFK.  To celebrate I am giving this cool Nomad knife away.  Just retweet to enter.  Picking a random winner when I am home! ü•∞ &lt;3 URL	1	0	0	0	0	0	0
227	Korea: giving free test kit for covid-19  PH: we on tiktok!!! ü•∞	1	1	1	0	1	0	1
228	Today‚Äôs #coronavirus recap:  -95,270 confirmed cases globally &amp; 3,281 deaths  -80% of new cases in üáÆüá∑üáÆüáπüá∞üá∑  -@WHO estimates ~3.4% of üåé #COVID19 cases have died  -‚ÄúIt is a time for pulling out all the stops‚Äù -@DrTedros  -Countries must take a comprehensive, all-government approach	1	0	1	0	0	0	1
229	me washing my hands: [bye sharona voice] die corona	0	2	2	2	2	0	0
230	RIP Grandpa can we get 30 gifted subs?'	0	2	2	2	2	0	0
231	WTAF?!?! A Man at Dartmouth with symptoms of #COVID19 was asked to self quarantine while waiting for test results. He decided he was fine and went to a party. Results came back positive the next day. Now another has it. Why are so many treating this as a joke?  #CoronaVirusUSA	1	0	1	1	1	1	1
232	What works in stopping the spread of Coronavirus: 1. Wash your hands for at least 20 seconds 2. Cough and sneeze into your elbow 3. Stay home if you're sick  What doesn't work: 1. Racism	1	1	1	0	0	0	0
233	Touching one‚Äôs own face is not recommended as the #Coronavirus spreads rampantly across the world. Touching the face of another is simply unacceptable. #JustSoWrongJoe #NotOkayJoe URL	1	0	0	0	0	0	0
234	Here is my public service announcement: If USERID says or tweets something in conflict with what doctors and experts have said about the #CoronavirusOutbreak, trust the doctors and experts. Your life and that of your family and friends may be at stake.	0	2	2	2	2	0	1
235	the scariest thing about COVID-19 is that it looks like a JIRA ticket	0	2	2	2	2	0	0
236	Vietnam was the first country to fully contain SARS and COVID-19 (with no deaths) and developed a quick-test kit in one month that the WHO says should have taken four years. WHO is now consulting with Vietnam to get help for the global crisis. Of course this isn't in our news.	1	1	1	0	1	0	1
237	MORE PEOPLE DIE FROM THE REGULAR FUCKING FLU EVERY YEAR THAN THE NUMBER OF PEOPLE WHO HAVE DIED FROM THE CORONA VIRUS JUST WASH YOUR HANDS COVER YOUR MOUTH WHEN COUGHING TAKE YOUR FUCKING VITAMINS AND STOP BEING RACIST TO EVERY ASIAN PERSON YOU SEE YOU FUCK HEADS	1	1	1	1	1	1	1
238	Translation - A 60 year old women caught a cold and is fine.	1	1	1	1	0	0	0
239	It‚Äôs corona time URL	0	2	2	2	2	0	0
240	Don‚Äôt die of #Coronavirus without seeing this first, it‚Äôs the finest clip you‚Äôll watch this year.  #Covid_19 #ThursdayThoughts #ThursdayMotivation #Coronvirus URL	0	2	2	2	2	0	0
241	CONTINUED LACK OF #COVID„Éº19 TESTING IS A DERELICTION OF DUTY BY USERID He knew since Jan about the #coronavirus.  What is particularly shameful is USERID is using the artificially deflated numbers due to lack of testing to say the virus has been stopped. It has not.	1	0	1	1	1	1	1
242	if i got corona i wouldn‚Äôt be that mad tbh. quarantine would give me a lot of time to catch up on shows and stuff, read, write a bunch and if i‚Äôm lucky, die	0	2	2	2	2	0	0
243	this is the BEST set of info I‚Äôve found on corona virus and it‚Äôs worth watching the full 10mins URL	0	2	2	2	2	0	0
244	Normal sick ppl vs people with Corona virus #CoronaVirusChallenge URL	0	2	2	2	2	0	0
245	The virus of communal hatred is deadlier than Corona virus!	0	2	2	2	2	0	0
246	Attempt by USERID to minimize #Coronavirus has not aged well. According to USERID there are over 215 cases &amp; 14 deaths, including 56 new cases today. Due to lack of testing by Administration, we still don‚Äôt know extent of the virus spread.  URL	1	0	1	1	1	1	1
247	Corona Virus is Temporary. House music is foreverü§ô	0	2	2	2	2	0	0
248	Denyin‚Äô tests to coronavirus victims to help your approval numbers should be considered attempted murder. URL	0	2	2	2	2	1	1
249	Coronovirus #COVID19 is cancelled! ü¶† URL	0	2	2	2	2	0	0
250	Y‚Äôall tweeting about corona but not corinthians smh	0	2	2	2	2	0	0
251	The whole entire world: Corona Virus is dangerous.  Jamaicans: URL	0	2	2	2	2	0	0
252	‚ÄúThat‚Äôs the coffin there as you can see‚Äù  URL URL	0	2	2	2	2	0	0
253	Like an invasion of hostile space aliens, COVID-19 Is an enemy of the human species that won‚Äôt negotiate. It cares not of your nationality, ideology, politics, or religion. This enemy of us all requires a global effort to combat, guided by science and not by magical thinking. URL	1	0	1	0	0	0	0
254	Its Friday motherfuckers, you're showing up with a nut sack filled with Corona juice and a breathing mask.....	0	2	2	2	2	0	0
255	#VIDEO: The circling area around Holy Kaaba at the Holy Mosque in #Makkah was emptied of people temporarily in order to clean and sterilize it, due to #Coronavirus fears and to insure the safety of pilgrims. URL	1	0	1	0	0	0	0
256	DOH IS OFFICIALLY ON TIKTOK!üéº  Learn protective measures against COVID-19 in this TikTok video! Join the #covidance challenge!  Follow DOH's official tiktok account at ID:dohgovph ü§ü URL	0	2	2	2	2	0	0
257	‚ö†Ô∏èA nurse‚Äîexposed to #coronavirus and SICK in quarantine‚Äîhammers USERID for initially REFUSING and then delaying #COVID19 testing.  ‚ÄúWhat a ridiculous and uneducated response...it‚Äôs a public health emergency.‚Äù  h/t USERID USERID URL	1	0	1	1	0	1	1
258	Let's bring more hope! Science works!  URL	0	2	2	2	2	0	0
259	As of March 6th 3PM KST, #BTSARMY donated approx.  505,500,000 won for COVID-19 relief in 9 days!!  USERID üíúüíúüíúüíúüíúüíúüíú URL	1	0	0	0	1	0	0
260	President Trump could create a cure for COVID-19 and we'd hear 'not my cure' from the TDS crowd.  They say we're a cult, when in fact we're family.  Team Trump is a dynasty and this dynasty is going to get him re-elected. #Landslide2020	0	2	2	2	2	0	0
261	After USERID and cronies downplayed the #CoronavirusOutbreak, Pence now admits there aren't enough #coronavirus test kits.  Experts (including me) saw this coming for weeks and called for point-of-care #COVID19 tests.  Their incompetence will cost lives.ü§¨  USERID	1	0	1	1	1	1	1
262	#HongKongers decided not to listen to their own government for good reasons and decided to wear masks to protect themselves. #HongKong had the first case of #coronavirus way earlier than most of the countries on this list and had seen nearly little to no increase in cases since.	1	2	1	0	1	0	1
263	So there is local transmission. Please wash your hands. Please don't cough or sneeze on people.	0	2	2	2	2	0	0
264	Kerala is the only state in India which successfully stopped 3 deadly virus, Corona, Nipah and BJP.	1	1	1	0	1	0	0
265	This latest report of SARS-like lung damage is consistent with prior clinical reports of #coronavirus cases from #China. At least 1 patient who survived #COVID19 later received a lung transplant due to permanent fibrosis ('scarring') of his lungs.  URL	1	0	1	0	1	1	1
266	My bihun sup ain't perfect without sambal hitamü§ßü§ß	0	2	2	2	2	0	0
267	Donations to the US Government are handled by a specific office at the U.S. Treasury; you don‚Äôt send  a check to an ‚ÄúOffice of the Assistant Secretary for Health‚Äù ‚Äî see URL	1	0	0	1	0	0	1
268	So here‚Äôs a question for today: if you are a doctor in the Seattle area, can you, as of today, order a COVID-19 test for any patient you think should be tested? Curious to hear from actual medical professionals in the area.	0	2	2	2	2	0	1
269	whats the coolest way we can say '16 people have been tested'	0	2	2	2	2	0	0
270	This #coronavirus emergency response package gives our government the resources it needs to confront this public health crisis ‚Äì without stealing a dime from other critical initiatives. With my signature, it goes to the President‚Äôs desk. URL	1	0	1	0	1	0	0
271	Virus needs Us to travel. Let us 'Beat The Virus' with Conscious and Responsible action. Do not allow Virus to dislocate and disrupt your lives and that of the Nation. - Sg #CoronaVirus	0	2	2	2	2	0	0
272	Nero's fiddling again. As people die &amp; his administration fumbles the COVID-19 response, DONALD TRUMP IS TAKING ANOTHER TAXPAYER-FUNDED VACATION TO HIS PRIVATE LUXURY RESORT. I'm really trying hard to comply with a social media policy that surely bans cursing out a corrupt POTUS.	1	0	1	1	1	1	1
273	Well, we called it here first, didn't we? Or at least among the first... This would be good news.	0	2	2	2	2	0	0
274	#Taiwan‚Äôs ability to contain the #COVID19 outbreak is a tribute to our unity &amp; resilience. It also speaks to the collaboration between our government, people, &amp; the many private businesses that have ramped up production to protect public health &amp; make the impossible possible: URL	1	0	0	0	0	0	0
275	Dear USERID A reminder that last week in USERID Affairs Committee, USERID refused 6 times to deny that #coronavirus is a hoax.  URL	1	0	1	1	0	1	1
276	There's something strange going on with Turkey. It is refusing to give evidence about the corona virus to WHO. There are rumors that the problem is almost like with IRAN. Some cases are reported on Turkish airlines. They don't give evidence as TA are on the verge of bankruptcy URL	1	0	1	1	1	1	1
277	Japan: close schools Italy: close schools and football games China: shut everything down  Olympics; may cancel  Trump: Coronavirus is a hoax, my hunch is experts are wrong, and you should go to work and school.  #TrumpVirus #COVID19 #Coronvirus	1	0	1	1	1	0	1
278	Don't interrupt! Blamingüá∫üá∏4 #coronaviruschina will enable us 2 uniteüåêagainst the New Evil Empireüá®üá≥4 its coverup. This pandemic has been killing not only Chinese people but also people throughoutüåê. Wuhan victims cry out fake as Vice-Premier Â≠ôÊò•ÂÖ∞ visits. URL	1	0	2	1	0	1	0
279	According to TMZ, and some other reliable sources. Selena Gomez has reportedly donated $1,000,000 to vaccine research to help prevent the spread of COVID-19 also known as the Coronavirus. ‚ÄúI want everyone to know that they are rare and soon this disease will be.‚Äù URL	1	1	1	0	1	0	0
280	Dear #Patriots,  Who else finds it strange that the #FakeNewsMedia continues to spew this #coronavirus scare &amp; daily gives us the death tolls from this illness...  when they could care less about how many deaths occur every minute from abortions??	1	2	1	1	0	1	0
281	6 Mar 20 | 7pm GMT+2 # of confirmed #COVID19 cases in the Region  üá¶üá´Afghanistan 1 üáßüá≠Bahrain 56 üá™üá¨Egypt 15 üáÆüá∑IR Iran 4747 incl 124 deaths üáÆüá∂Iraq 38 incl 2 deaths  üáØüá¥Jordan 1 üá∞üáºKuwait 58 üá±üáßLebanon 16 üá≤üá¶Morocco 2 üá¥üá≤Oman 16 üáµüá∏OPT 7 üáµüá∞Pakistan 6 üá∂üá¶Qatar 11 üáπüá≥Tunisia 1 üá∏üá¶KSA 5 üá¶üá™UAE 29 URL	1	0	1	0	0	0	1
282	Trump campaign sues CNN over ‚Äòfalse and defamatory‚Äô 'Russia Russia' statements, seeks millions in damages.  Fake News Medias are worse than #coronavirus. Enemy of the People!  THE GREAT AWAKENING. You are the news now. Handle w/ care. Q #QAnon #Trump2020 #KAG  #KAG2020 #WWG1WGA URL	1	0	2	0	1	0	0
283	Three more Iranian officials reportedly dead from #COVID19. Either being a politician makes you extra-susceptible to coronavirus, or the prevalence of the disease is orders of magnitude higher than the government admits: URL	1	0	1	1	1	1	1
284	USERID Donald Trump canceled his trip to CDC in Atlanta because one person allegedly had #coronavirus?? #hypocrite URL	1	2	1	1	1	1	1
285	That makes you wonder. Why would you cancel a visit if it's  only a hoax, or worse a flu? #GermaphobeTrump has 2 standards. Everyone who is infected with COVID-19 can still  go to work, unless he is the  Bonespurs in Chief  URL	1	2	1	1	0	1	1
286	WARNING ‚ö†Ô∏è: This man is the KING of the collusion hoax empire. Trust nothing he says or writes. He‚Äôs pure disinformation. üëáüèªüëáüèªüëáüèª	1	2	2	1	0	1	0
287	Media is bombarding us with queries about fake cases. I will be the one who will know first. I request you desist from fake news #Coronavirus URL	1	1	0	1	0	1	0
288	New York AG Warns Televangelist #JimBakker To Stop Selling FAKE #CORONAVIRUS CURE  #LisaLandau, chief of the AG‚Äôs Health Care Bureau, sent a cease and desist letter to Bakker on Thursday threatening legal action  #MOG‚òòÔ∏è #BlueWave2020  #MAGA #Christians URL	1	0	1	2	1	1	0
289	Before the Corona Virus reached South Africa, Trevor Noah was on the daily show making fun of the fact that we were gonna die because of China and their fake things . Some American got offended that he's making fun of such a serious situation and he was like	1	0	1	1	0	1	0
290	Since this will never get reported by the media, I wanted to share a copy of this check.  USERID  is once again donating his salary back to the United States Government  √¢¬Ä¬î This quarter, it will be donated to  USERID  to confront, contain, and combat #Coronavirus. Flag of United StatesFlag of United States	1	0	1	1	1	0	1
291	Thanks, #MichaelBloomberg. Here√¢¬Ä¬ôs a handy little (unintentional) demo on the way to spread #coronavirus by the most clueless person in America: touch community food as much as you can with your saliva-soaked fingers.  #MiniMikeBloomberg #DroolingBloomberg	0	2	2	2	2	0	0
292	"Folks, when you say ""The corona virus isn't a big deal, it only kills the disabled, elderly, chornically-ill, and immunocompromised,"" the implication is that those people are expendable.  Please be more careful."	0	2	2	2	2	0	0
293	Just 1 case of Corona Virus in India and  people are crazy  for masks!! Daily 400 people die in road crashes & still no craze for HelmetsThinking face  #safetysaves  be it virus or road crashes!	1	0	1	0	0	0	0
294	President  USERID  made a commitment to donate his salary while in office. Honoring that promise and to further protect the American people, he is donating his 2019 Q4 salary to  USERID  to support the efforts being undertaken to confront, contain, and combat #Coronavirus.	1	0	1	0	1	0	1
295	I live in Seattle, I have all symptoms of COVID-19 and have a history of chronic bronchitis.   Since I work in a physical therapy clinic with many 65+ patients and those with chronic illnesses, I decided to be responsible and go to get tested. This is how that went.	1	0	1	0	0	0	1
296	"my dad said ""why don't they just cure corona virus"" and i told him it reminded me of this home movies clip"	0	2	2	2	2	0	0
297	Experts across the world have advised to reduce mass gatherings to avoid the spread of COVID-19 Novel Coronavirus. Hence, this year I have decided not to participate in any Holi Milan programme.	1	0	1	0	0	0	1
298	Prime Minister of Israel Benjamin Netanyahu  USERID  encourages Israelis to adopt the Indian way of greeting #Namaste at a press conference to mitigate the spread of #coronavirus	1	0	1	0	0	0	0
299	Dear  USERID : You knew about #Covid_19 in January. It is March and your Administration still does not have enough test kits. That is unconscionable and a dereliction of duty.  Stop minimizing the #CoronaOutbreak and start leading. Lives are at stake. <link>	1	0	1	1	1	0	1
300	Safety always comes first. Do not panic and stay safe. #CoronaAlert <link>	0	2	2	2	2	0	0
301	Countries with largest numbers of #coronavirus diagnoses  1. China 2. South Korea 3. Italy 4. Iran 5, Japan 6. France 7. Germany 8. Spain 9. Singapore 10. USA	1	0	1	0	0	0	1
302	I'm stunned by the depth of #coronavirus information being released in #Singapore. On this website you can see every known infection case, where the person lives and works, which hospital they got admitted to, and the network topology of carriers, all laid out on a time-series <link>	1	0	1	0	0	0	1
303	Thank you, keep up the great work!	0	2	2	2	2	0	0
304	The new #coronavirus has killed about 3.4% of confirmed cases globally - making it deadlier than the flu, but still containable.   The seasonal flu's fatality rate is below 1% URL	1	0	1	0	0	0	1
305	Nigeria being able to handle Ebola and Corona virus effectively just lets you know that the incompetence in everything else is on purpose	0	2	2	2	2	0	0
306	BREAKING: I am announcing a new directive requiring NY health insurers to waive cost sharing associated with testing for #coronavirus, including emergency room, urgent care and office visits.  We can't let cost be a barrier to access to COVID-19 testing for any New Yorker.	1	0	1	0	0	0	1
307	Now they want to clean	0	2	2	2	2	0	0
308	Netanyahu announcing Israel's new extreme measures against #corona. Orders Israelis to stop shaking hands, suggests following Indian custom of namaste instead. √∞¬ü¬ô¬è√∞¬ü¬è¬Ω <link>	1	0	1	0	0	0	0
309	Just spoke with ER doc who say he's seeing cases he's 99% sure are #coronavirus. Negative for flu, recent travel, work in airports. Not allowed to test. Patients return to work because they can't take time off w/out a firm diagnosis. Other ER docs seeing the same thing.	1	0	1	1	1	1	1
310	Slowly, all Hindu traditions will be accepted by the world. Yoga is already in. Need for family system & vegetarianism is dire, Universal Acceptance to fight terrorism, polytheism to fight hate & bigotry of the communists.  The time for unscientific Abrahamic principles is over.<link>	0	2	2	2	2	1	0
311	Congress should NOT tie emergency #coronavirus funding with #FISA reauthorization.   We MUST reform our FISA system to restore the American people√¢¬Ä¬ôs confidence in our justice system and ensure what happened to  USERID  and his campaign in 2016 NEVER happens again.<link>	0	2	2	2	2	0	1
312	#EXO members #Chanyeol, #Lay, #Suho and #Kai have donated a combined 170 million won to Korea Disaster Relief Association Hope Bridge to help fight the #coronavirus outbreak. #COVID19  USERID  USERID  #√¨¬∞¬¨√¨¬ó¬¥ #ZhangYixing #√¨¬à¬ò√≠¬ò¬∏ #√¨¬ó¬ë√¨¬Ü¬å	1	0	0	0	1	0	0
313	Dear  USERID  Pence: What are you hiding from the American people? Why won√¢¬Ä¬ôt you let the people see and hear what experts are saying about the #CoronaOutbreak?	0	2	2	2	2	0	1
314	Dear  USERID ,  Quit wasting India's time playing the clown with your social media accounts, when India is facing an emergency. Focus the attention of every Indian on taking on the Corona virus challenge.   Here's how it's done..  #coronavirusindia	0	2	2	2	2	0	0
315	Hold on - #China Communist Party now denying #CoronavirusOutbreak originated in China? This after Beijing√¢¬Ä¬ôs catastrophic mishandling of the virus has caused a global health crisis? What a collection of incompetent thugs & liars <link>	1	2	1	1	1	0	1
316	The World Health Organization confirmed that Covid-19 is deadlier than the seasonal flu, but does not transmit as easily. Read the latest updates on the coronavirus outbreak here.	1	0	1	1	1	1	1
317	DO NOT PANIC !  Here√¢¬Ä¬ôs all what you need to know &amp; do as a responsible citizen.DO NOT PANIC !  Here√¢¬Ä¬ôs all what you need to know & do as a responsible citizen.  #coronavirusindia Microbe  #covid2019  #CoronaAlert <link>	0	2	2	2	2	0	0
318	"Trump to Hannity on WHO saying coronavirus death rate is 3.4%: ""I think the 3.4% number is really a false number. Now this is just my hunch, but based on a lot of conversations ... personally, I'd say the number is way under 1%.""  Astoundingly irresponsible. <link>"	1	1	1	1	0	1	1
319	Dear  USERID : Why are we still not testing at the scale we need to contain the #CoronavirusOutbreak?   Have you apologized yet for saying criticism of your Administration√¢¬Ä¬ôs botched testing was a new hoax? <link>	0	2	2	2	2	0	0
320	Thank you for the inspiration #India- from today all Israelis say #Shalom√∞¬ü¬á¬Æ√∞¬ü¬á¬±#Namaste√∞¬ü¬á¬Æ√∞¬ü¬á¬≥	0	2	2	2	2	0	0
321	If true, the  USERID  officials who denied coronavirus testing to exposed US embassy staff need to resign.   Also, a reminder that last week in  USERID  Committee,  USERID  refused 6 times to deny that #coronavirus is a hoax. <link>	0	2	2	2	2	0	1
322	A call to every Democrat running for president, or anywhere for that matter. Will you join President Trump in donating your quarterly salary toward fighting #CoronaVirus? Citizens would be very grateful. Thank you in advance.	0	2	2	2	2	0	0
323	A State of Emergency has been declared for LA City and County due to confirmed cases of Coronavirus.  Angelenos need to be prepared, but not panicked. Listen to the advice of experts.  Make sure you're following  USERID  and  USERID  for the latest info and recommendations. <link>	1	0	1	0	0	0	0
324	We are doomed.    #coronavirus #Covid_19 URL	0	2	2	2	2	0	0
325	USERID Please repost this. It shares vital information and it's a class on how to lead during times of crisis  An excellent speech by Singapore√¢¬Ä¬ôs Health Minister Mr. Gan Kim Yong.   An excellent way of describing #coronavirus #CoronaVirusUpdates	0	2	2	2	2	0	1
326	#B52Questions 1. Why is Rudy not under arrest? 2. Why is Harvey not in Riker√¢¬Ä¬ôs? 3. Why is Cuccinelli still working? 4. Has Barr quit yet? 5. When is Flynn being sentenced? 6. Who trusts Pence and Mrs. Miller with messaging about #coronavirus ? 7. Are R√¢¬Ä¬ôs happy w/their guy?	0	2	2	2	2	0	1
327	Globally, about 3.4% of reported #COVID19 cases have died. By comparison, seasonal flu generally kills far fewer than 1% of those infected- USERID  #coronavirus	1	0	1	0	0	0	1
328	It is a fair question to ask whether the lack of testing is due to gross incompetence by the  USERID  Administration, or Trump√¢¬Ä¬ôs stated desire to minimize the #CoronaOutbreak. Either way we now have severe consequences. And we cannot get those critical weeks back.	0	2	2	2	2	1	1
329	Nothing to see here folks.   Only the  USERID  stopping a corona virus bill because it doesn√¢¬Ä¬ôt allow all of their big pharma pals to charge whatever they want for a lifesaving vaccine that hasn√¢¬Ä¬ôt even been developed yet.   #OneVoice1 <link>	1	2	1	1	1	1	1
330	Amazing! What South Korea is doing is really bending their #Covid19 epidemic curve. Only 131 new cases today, versus 909 on Feb. 29. It's not just China. This clearly can be done. URL URL	1	0	1	0	0	0	1
331	My students have noted that COVID-19 is showing us how any √¢¬Ä¬úhonorary white√¢¬Ä¬ù status placed on Asians in the U.S. was always provisional.	0	2	2	2	2	1	0
332	The thing anyone under age 50 has to realize is that we're probably not gonna die from COVID-19 but we will absolutely be the vectors who spread the disease around to old people who *will* die which is why we gotta take precautions too.	1	0	1	0	0	0	0
333	They did not cut taxes. They did not bail out companies. They just attacked the public health emergency. The way to enable economic recovery is focus on public health. URL	1	0	1	0	1	0	1
334	Hospital Sungai Buloh will soon to be COVID-19 centre. May this effort be a paradigm for a better precaution to all Malaysians. We're arranging beds 100% for COVID-19 patients, &amp; re-distributing in-House patients to other Tertiary Hospital/District Hosp for continuation of care.	1	0	1	0	1	0	0
335	"In the 5 months since the beginning of the Corona Virus outbreak, 3800 people Worldwide Have died. In that same period The flu has killed Over 310,000. Wake up people! The Coronavirus ""Scare"" Is a maufactured crisis. Ask yourself: Who benefits from this crisis? Feel me??"	1	1	1	1	1	1	1
336	If you didn't blame Obama for approx. 12,000 American swine flu deaths (and I didn't), but want to turn around and somehow pin approx. 22 corona virus on Trump/Pence, then YOU are the freaking problem with political discourse in this country. Full stop.	0	2	2	2	2	1	0
337	Short video... #Coronavirus spreads all over the world #Wuhan #COVID2019 #koronawirus #Korona #Corona #CoronavirusSpread #CoronaVirusUpdate URL #COVID19	1	0	1	0	0	0	0
338	Looks like the corona virus is antiblack and I√¢¬Ä¬ôm okay with that URL	1	0	1	0	1	0	1
339	chinese corona virus be like URL	0	2	2	2	2	0	0
340	Covid-19 hit during cold/flu season. Wondering if you might have the virus? This chart on #covid19 v. cold v. flu is helpful: URL	1	0	1	0	0	0	0
341	North Americans: *hoarding toilet paper, vociferously debating the merits of hand sanitizer* France: FOR THE LAST TIME, COCAINE DOES NOT PREVENT CORONAVIRUS URL	1	2	0	0	0	0	0
342	Our #FlattenTheCurve graphic is now up on USERID with proper attribution &amp; a CC-BY-SA licence. Please share far &amp; wide and translate it into any language you can! Details in the thread below. #Covid_19 #COVID2019 #COVID19 #coronavirus Thanks to USERID &amp; USERID URL	1	0	0	0	0	0	0
343	Bigoted statements which spread misinformation and blame Asians and the Asian American community for #coronavirus make us all less safe. USERID must delete this tweet and apologize immediately. URL	1	0	1	1	1	1	1
344	THREAD: On #Coronavirus, we may be entering a period of accelerating cases. The country could look very different over next two weeks. We√¢¬Ä¬ôll get through this, but need to take steps now to limit the scope and impact of virus. There are things we can do now to help ourselves. 1/n	1	0	1	0	1	0	0
345	For those liberals who blew their butt plugs over people calling the Corona virus that originated in Wuhan the (wait for it...) #WuhanCoronavirus, here√¢¬Ä¬ôs a history refresher... #Numbskulls URL	0	2	2	2	2	0	0
346	Just got a look of guidlines for testing COVID-19 at a San Diego hospital and they are...really bad! In order to get a test the patient has to have had close contact w someone w a confirmed infection or travelled to an infected area. But that's totally insufficient!	1	0	1	1	1	1	1
347	$57 round trip to LA, thanks corona virus URL	1	0	0	0	0	0	0
348	The #Coronavirus is spreading. Let√¢¬Ä¬ôs make education spread faster. Please read &amp; retweet to so we are all ready for #COVID19.URL	1	0	0	0	0	0	0
349	For everyone who prioritizes √¢¬Ä¬úconsumer choice√¢¬Ä¬ù over a single payer healthcare system, understand that when you force people√¢¬Ä¬ôs access to healthcare to be tied to their employment, you actually take away their freedom and increase the precariousness of their lives √¢¬¨¬á√Ø¬∏¬è URL	0	2	2	2	2	0	0
350	I've just been informed that my COVID-19 lab result was negative. In an abundance of caution, I will remain under self-quarantine at the advice of medical professionals through Thursday at 2pm. I continue to feel fine and show no symptoms.	1	0	0	0	0	0	0
351	Corona got these flights cheap as hell why not URL	1	1	0	0	0	0	0
352	√∞¬ü¬ì¬ä France, Spain and Germany are about 9 to 10 days behind Italy in #COVID19 progression; the UK and the US follow at 13 to 16 days. In Italy we waited too long, these countries should really start implementing aggressive containment measures now. URL	1	0	1	0	1	0	1
353	Corona Virus Pro Tip: If you mix Emergen-C with Vodka you literally cannot get sick, it√¢¬Ä¬ôs actually science	1	1	0	1	1	1	0
354	.@SenSchumer &amp; I are demanding that the Trump Administration prioritize the health and safety of American workers and their families over corporate interests. #coronavirus URL	1	0	1	0	1	0	1
355	√¢¬Ä¬úIsrael announces mandatory two-week quarantine for all overseas arrivals.√¢¬Ä¬ù Want to bet Israel doesn√¢¬Ä¬ôt have an epidemic in their country? Borders are a wonderful thing. #Coronavirus URL	1	0	0	0	0	1	0
356	Nancy Binay is the most improved politician in the past years. Everyone who made fun of her dark skin can choke now. URL	0	2	2	2	2	0	0
357	In the wake of the #coronavirus, Sen Josh Hawley introduces a bill to end United States dependency on China for the manufacturing and distribution of our medical supply. URL	1	0	1	0	1	1	1
358	I wanted detailed Covid-19 data, but had a hard time finding numbers without accompanying media bias. I collected it myself, and am sharing here. In this thread: - Incubation Time - Symptom Occurrence - Transmission Rates - First 20 US cases by date and location (cont'd)	1	0	1	0	1	0	0
359	Truly sobering analysis: US more vulnerable than many countries to #coronavirus owing to combination of high numbers of uninsured, many w/o paid sick leave, and a leadership that has downplayed the challenge while not preparing the country for it. URL	1	2	1	1	1	1	1
360	I don't know who needs to hear this but Alberta just added COVID19 testing to ALL respiratory swabs done in ER or hospital. So if you're looking for flu, you'll also get an answer on #covid19. Should be #StandardOfCare IMHO.	1	0	1	0	1	0	1
361	An antiviral spray against novel #coronavirus has developed in Shanghai Public Health Clinical Center, which can be put into throat as shield from virus. The spray can greatly help protect front-line medical staff, yet mass-production for public use is not available for now. URL	1	2	1	0	1	0	1
363	Can someone explain why people who came in contact with the CPAC attendee are doing self quarantine instead of getting a #coronavirus test? Wouldn√¢¬Ä¬ôt we want to know ASAP if anyone that attendee interacted with now has the virus? URL	1	0	0	0	0	0	0
364	"At a S. Korean gov't briefing on COVID-19 response: ""The gov't is covering the financial costs for related testing and treatment instead of saddling individuals with those expenses. The gov't is also reimbursing medical facilities for losses incurred from imposed quarantines."""	1	0	1	0	1	0	0
365	passport twitter been quiet since corona hit. shouldve spent ur money on jordans	1	0	0	0	0	0	0
366	EXCLUSIVE Nadine Dorries, a health minister, has become first MP to be diagnosed with coronavirus She has been in Westminster for past week, met hundreds of people, and attended a No 10 reception hosted by Boris Johnson on Thursday URL	1	0	1	1	1	1	1
367	Exhibit A √∞¬ü¬ò¬≠√∞¬ü¬•¬¥ URL URL	0	2	2	2	2	0	0
368	Four days ago USERID said he √¢¬Ä¬ústopped√¢¬Ä¬ù the #coronavirus &amp; √¢¬Ä¬úclosed it down.√¢¬Ä¬ù As of tonight, there are over 1,000 cases in America with at least 31 deaths. The virus has now spread to 37 states. And we still lack sufficient testing. #FactsMatter URL	1	0	1	1	1	1	1
369	Me arriving in France after paying $00.38 for my round trip plane tickets because of the corona virus scare URL	1	0	0	0	0	0	0
370	To my dear students: Due to confirmed case of COVID-19 virus in Rizal, there will be no more research defense however you need to pass the manuscript on March 20. Stay at home and work individually. P.S. your life is more precious than your grades as a teacher I will do my part.	1	0	0	0	0	0	0
371	"Kevin McCarthy calling corona virus Chinese is a racist ploy to make a public health issue something that can be blamed on ""others"" - API kids in schools already being taunted about having the virus - this kind of ""leadership"" by Republicans is a real danger to all of us."	1	0	1	1	1	1	1
372	If this Corona scare doesn√¢¬Ä¬ôt end soon imma have to intervene	0	2	2	2	2	0	0
373	THREAD: Fri Jan 31, 2020, a few weeks before #Coronavirus has officially spread to other countries (which led to the bad stock market week Feb 24-Feb 28), the Trump Admin announced travel restrictions on China. Here is some of the reporting it generated. Take Politico of 2/4/20.	1	0	1	0	0	0	0
374	Look at the hospitals diagnosing COVID-19. St. Luke's, Cardinal, Makati Med, Medical City. COVID-19 isn't just purely a health issue. There is a strong class problem as well. Pag-mayaman, COVID. Pag-mahirap, ubo at sore throat lang.	1	2	1	1	1	1	1
375	Tonight we crossed an important threshold: USERID ended 9 days ago. According to the experts we consulted that timing w NO NEW corona cases and NO attendees w symptoms is a huge turning point. Over 10,000 in a hotel w the virus present and no one is positive. √∞¬ü¬ô¬è√∞¬ü¬è¬ª√∞¬ü¬ë¬ç√∞¬ü¬è¬ª√∞¬ü¬á¬∫√∞¬ü¬á¬∏	1	0	1	0	1	0	0
376	If anyone near our shop has to self isolate over the corona virus and are on benefits I will put together a two week food parcel that will be delivered to your door .	0	2	2	2	2	0	0
377	Amazing! Passengers at the Kigali Bus Park have to wash their hands before getting onto buses as a prevention and risk reduction #Coronavirus outbreak. #Rwanda URL	1	0	1	0	1	0	0
378	Anyone else notice that COVID-19 seemed to pop up almost immediately after impeachment failed?	1	1	1	1	0	1	0
379	How did USERID fail to contain #coronavirus? 1. By focusing on China, he failed to stop the virus coming in from other countries; 2. By focusing on foreign nationals, he failed to stop virus carried by US travelers; 3. By not testing, he let the virus spread undetected. URL	1	1	1	1	1	1	1
380	Zika, Ebola, Lyme disease, German measles, Spanish flu, Reston virus, West Nile virus, Hong Kong flu are/were all fine tho? URL	0	2	2	2	2	1	0
381	Just two months ago, Taal Volcano was erupting, giving rise to great fear and suffering. Today, serenity reigns in Taal, reminding us that the COVID-19 outbreak, too, will come and go, and with social solidarity, we can emerge stronger as a nation. √∞¬ü¬ì¬∑ Tomas Tirona URL	1	0	0	0	0	0	0
382	Saw some irregularities w/ the usage of the ff. in articles, to provide clarity: √∞¬ü¬ß¬¨ SARS-CoV-2 (Severe Acute Respiratory Syndrome Coronavirus 2) is the virus. √∞¬ü¬¶ COVID-19 (Coronavirus Disease 2019) is the disease. Hence, SARS-CoV-2 causes COVID-19. Nonetheless, stay safe. √∞¬ü¬ô¬è√∞¬ü¬è¬ª	1	0	0	0	0	0	0
383	we are going to look back and feel really silly about the anxiety and the panic buying. #COVID19 is really contagious and not terribly dangerous, unless you have compromised health already or live in a place with a ton of pollution. This is a massive overreaction.	1	1	1	0	0	0	0
384	Corona is a black light and America is a cum-stained hotel room	0	2	2	2	2	0	0
385	Two week√¢¬Ä¬ôs sick pay: √∞¬ü¬á¬¨√∞¬ü¬á¬ßUK √Ç¬£188.50 What you√¢¬Ä¬ôd get if you lived in: √∞¬ü¬á¬¶√∞¬ü¬á¬πAustria √Ç¬£574.70 √∞¬ü¬á¬©√∞¬ü¬á¬™Germany √Ç¬£574.70 √∞¬ü¬á¬∏√∞¬ü¬á¬™Sweden √Ç¬£459.76 √∞¬ü¬á¬≥√∞¬ü¬á¬±Netherlands √Ç¬£402.29 √∞¬ü¬á¬™√∞¬ü¬á¬∏Spain √Ç¬£241.37 Statutory sick pay in the UK isn√¢¬Ä¬ôt enough to live on. RT if you want decent #SickPayForAll #Coronavirus #Ridge #Marr	1	0	1	1	1	0	1
386	Genuinely confused here: we have three members of congress prophylatically self-quarantining because of possible Covid-19 exposure, but are they not being tested? Seems like they should be tested, right?	1	0	1	1	1	0	1
387	"Please help combat xenophobia: 1. Don't call COVID-19 ""Chinese coronavirus"" or the ""Wuhan virus"" 2. Don't shun Asian people or businesses 3. Call out racism in the media when you see it (stories on COVID do not need to have a photo of an Asian person, tyvm) URL"	0	2	2	2	2	0	0
388	Read this thread and RT. Great perspective you won√¢¬Ä¬ôt hear from the media. URL	0	2	2	2	2	0	0
389	But I thought the Corona Virus was just a Democratic hoax to hurt Trump? Moral to the story: science and nature do not give a damn what Party you belong to. URL	1	0	0	0	0	0	0
390	covid-19 is making Namjoon angry and sad because he can't see karmy so, i have instructions: URL	0	2	2	2	2	0	0
391	If you're wondering why it's a bunch of older LGBTQ people trying to urge people to take the Corona Virus seriously and not just shrug because you think that only the old and infirm will die, I am here to remind that they already watched that kind of callousness in action.	0	2	2	2	2	0	0
392	Dear USERID Adams: You told USERID today that last week, you weren√¢¬Ä¬ôt aware of any doctor asking for a #coronavirus test that couldn√¢¬Ä¬ôt get it. ER doc in this article had patient with symptoms &amp; was denied test. Do you want to clarify? URL	1	2	1	1	1	1	1
393	We doing all this shit for corona virus and niggaz can√¢¬Ä¬ôt send Flint, Michigan a good plumber.	0	2	2	2	2	0	0
394	Anong effect ng isang araw na suspension of classes/work? Nothing. Instead: 1. Disclose the areas na may cases ng COVID-19 2. Incubation period of the virus is 1-2 weeks thus, we should also suspend classes/work for 14 days 3. Sanitize buildings, schools, streets #WalangPasok	1	0	1	0	1	0	0
395	It's like suicide but minus the haram part I'm in URL	0	2	2	2	2	0	0
396	"The first Silicon Valley death from COVID-19 was a woman in her 60s. Both my parents are in their 60s. If you want to travel internationally and be socially irresponsible just because you're young, ""it's just the flu,"" or flights are cheap then you're just an inconsiderate brat."	1	0	1	0	0	0	0
397	BREAKTHROUGH: Chloroquine phosphate -- an old anti-malaria drug -- has shown apparent efficacy in treatment of COVID-19 associated pneumonia in clinical studies. Chloroquine provides both anti-viral and anti-inflammatory benefits to patients	1	0	1	1	1	1	1
398	I know everyone is freaking out about COVID-19 at the moment but here's some FAB news to make the world seem like a less scary place. URL	0	2	2	2	2	0	0
399	Ebola has a 50% death rate. If you got infected, you√¢¬Ä¬ôd most likely die. Covid-19 has a 3.4% death rate. Obviously not as bad as Ebola√¢¬Ä¬îbut that makes it up to 34x more deadly than the seasonal flu URL URL	1	0	1	0	1	0	0
400	1/ Many of you ask me why I take the COVID-19 outbreak so seriously. Current numbers of cases and deaths are *not* why. √∞¬ü¬ë¬á A thread on why I√¢¬Ä¬ôm worried and what I do personally in this situation.	0	2	2	2	2	0	1
402	Everyone can help prevent the spread of #COVID19. Call your doctor if you develop symptoms, have been in close contact with a person known to have COVID-19, or have recently traveled from an area with widespread or ongoing community spread of COVID-19. URL. URL	0	2	2	2	2	0	0
403	Isa sa pinakamaganda mong maa-ambag about COVID-19 outbreak ay √¢¬Ä¬úpananahimik√¢¬Ä¬ù Stop spreading fake news and do research first before posting something online. And also, Wash your hands intensely. Avoid touching your face. Pray. Pray. Pray.	0	2	2	2	2	0	0
404	BREAKING: Department of Health announces 11 more confirmed cases of #COVID19. Cases now at 35 in PH. | via USERID #coronavirus URL	1	0	1	0	0	0	1
405	Why has it taken the threat of a virus before they started cleaning tube stations?? Trains should be cleaned every week, the seats have more dust than sahara desert. URL	1	0	0	1	1	1	1
406	There are now 10 new confirmed cases of #COVID19. Total now at 20, according to DOH | via USERID URL	1	0	1	0	0	0	1
407	Why is CDC's data on US cases lagging behind other entities (including WHO)? Why are we only learning from the AP about a reported CDC recommendation that older Americans not fly, and that the White House blocked CDC from publicizing that recommendation? URL	1	0	1	1	0	0	1
409	The President won√¢¬Ä¬ôt let us see this. What is he hiding? Stalled Intelligence Report Warns of Pandemic Dangers | Time √¢¬Å¬¶@ODNIgov√¢¬Å¬© #coronavirus URL	1	0	1	1	1	1	1
410	JUST IN: President Duterte suspends classes on all levels in Metro Manila from March 10 to March 14, 2020 amid threat of #COVID19 #WalangPasok URL	1	0	1	0	0	0	0
412	Dear USERID Do you mean when the news showed you telling the American people that you √¢¬Ä¬ústopped√¢¬Ä¬ù the #coronavirus &amp; √¢¬Ä¬úclosed it down√¢¬Ä¬ù? Or are you referring to the news showing Kudlow &amp; USERID saying virus was √¢¬Ä¬úcontained√¢¬Ä¬ù? Also, when are we getting test kits? URL	0	2	2	2	2	0	1
413	Update of confirmed #COVID19 cases outside of China: #corona #coronavirus #CoronaVirusUpdate #Korona #koronawirus #Covid_19 #COVID2019 #coronavirusturkey #coronavirusitalIa URL	1	0	0	0	0	0	0
414	Toilet paper completely sold out in supermarkets? Did you lot not wipe your ass before corona	1	0	1	0	0	0	0
417	"In #Italy we made a terrible mistake Everybody kept saying ""It's just a flu"" and now our intensive care units are collapsing. Our grandparents and parents, our friends, are dying Please, learn the lesson. Now! #coronavirus #CoronavirusOutbreak #italylockdown #italystaystrong"	1	0	1	0	1	0	0
418	We call on government communication agencies to prioritize public health interests in the light of a possible corona virus outbreak. #BeNice URL	0	2	2	2	2	0	1
419	bring one girl around your homies and all of the sudden they start calling the coronavirus COVID-19	0	2	2	2	2	1	0
420	EXO Baekhyun donates 50 Million Won to help those that has been affected by Corona 19 Adding up the amounts donated by EXO Members, they have donated 220 Million Won in total !! #EXO #√´¬∞¬±√≠¬ò¬Ñ USERID URL	1	0	0	0	1	0	0
421	corona has no CHANCE against my essential oils mom.	1	2	0	0	0	0	0
422	Democrats say Trump has failed the US economy and yet, we have the best economy in the world. They say he has failed in his COVID-19 response, and yet, we have the lowest infections per million in the world. They call winning losing and losing winning.	1	2	1	0	1	1	1
423	This is how corona virus is spread #COVID2019 #CoronavirusOutbreak URL	0	2	2	2	2	0	0
424	If this tweet gets 10k RTs, I'll film attempt to infiltrate the Lynn valley care home, Vancouver, BC. 15km away from my home with a Corona virus breakout inside it.	0	2	2	2	2	0	0
425	Per the AP, Germany has more than 1,100 confirmed #Coronavirus cases, but so far just *two deaths.* Experts say rapid testing early on likely resulted in more diagnosing of the infected and gave the country a chance to contain and prepare for the virus.	1	0	2	0	1	0	1
426	We don√¢¬Ä¬ôt yet have all the tools we need to fight COVID-19. This is an important step toward having treatments, while we also explore vaccines and diagnostics. Thanks to USERID and USERID for launching this effort with us. URL	1	0	2	0	1	0	1
427	How should we approach potential COVID-19 cases? Here's a infographic I made based on the 09 Mar 2020 Guidelines of the DOH-PSMID taskforce. Hopefully this helps us HCPs as we face the growing threat. Stay safe everyone. URL	0	2	2	2	2	0	1
429	All new cases of #COVID19 in PH are Filipinos Here are information on all 33 cases | via USERID URL	1	0	0	0	0	0	0
430	If Corona is only getting yt folks outta here then... URL	0	2	2	2	2	0	0
431	Aaron Ramsey scores &amp; Serie A dies? We can√¢¬Ä¬ôt beat this guy ffs URL URL	1	0	0	0	0	0	0
432	Retweet this if you still have no idea how to get tested for the #coronavirus.	0	2	2	2	2	0	0
433	Cancel Corona Virus ~ Not Coachella.	0	2	2	2	2	0	0
434	Update of confirmed #COVID19 cases outside of China: #corona #coronavirus #CoronaVirusUpdate #Korona #koronawirus #Covid_19 #COVID2019 #coronavirusturkey #coronavirusitalIa #okullartatiledilsin URL	1	0	1	0	0	0	0
435	Yishun is truly a different town URL	0	2	2	2	2	0	0
436	Dear USERID Have you talked to your own USERID expert Dr. Fauci? He said #coronavirus has mortality rate of 2% &amp; that 15-20% of people will require hospitalization. That√¢¬Ä¬ôs about 20 times more lethal &amp; serious than the Flu. Death rate likely higher for older Americans. URL	1	0	1	0	1	1	1
437	You do. I hear it affects pigs in a big way. URL	0	2	2	2	2	0	0
438	Corona oppa pls stop ur world tour hyung u need to rest saranghae	0	2	2	2	2	0	0
439	The way it spreads in just two months is very scary.. Be careful people it's very serious !! #√ò¬ß√ô¬Ñ√ô¬Ç√ò¬∑√ò¬ß√ò¬π_√ò¬ß√ô¬Ñ√ò¬Æ√ò¬ß√ò¬µ #CoronavirusOutbreak #√ô¬É√ô¬à√ò¬±√ô¬à√ô¬Ü√ò¬ß_√ò¬ß√ô¬Ñ√ò¬≥√ò¬π√ô¬à√ò¬Ø√ô¬ä√ô¬á URL	0	2	2	2	2	1	1
440	BREAKING: Pres. Duterte declares #WalangPasok in ALL LEVELS in Metro Manila until March 14 due to #COVID19. |via CNN Philippines URL	1	0	1	0	0	0	0
441	Italy √∞¬ü¬á¬Æ√∞¬ü¬á¬π √∞¬ü¬î¬¥ 60 million people put under lockdown. √∞¬ü¬¶ More than 9,000 cases reported (It was 231 two weeks ago) √∞¬ü¬è¬ü√Ø¬∏¬è All sporting events suspended. √∞¬ü¬è¬´√∞¬ü¬é¬ì All schools, universities closed. √∞¬ü¬é¬≠√∞¬ü¬è¬ã√Ø¬∏¬è√∞¬ü¬å¬Ü Theatres, gyms, bars, funerals and weddings barred. Unprecedented. #coronavirus	1	0	1	0	0	0	0
442	The Executive Office for Immigration Review, which falls under the Department of Justice, told all judges and staff members in an email Monday that all coronavirus posters, which explain in English and Spanish how to prevent catching and spreading the virus, had to be removed. URL	1	0	1	1	1	1	1
443	Umm seems like maybe you should include this part in your tweet instead of contributing to mass hysteria √¢¬Ä¬úBergen County man with several underlying medical conditions, including emphysema, diabetes + hypertension,is NJ√¢¬Ä¬ôs first coronavirus death, state officials said Tuesday.√¢¬Ä¬ú URL	1	2	1	0	0	0	0
444	Me explaining to my kids how I survived corona virus URL	0	2	2	2	2	0	0
445	The country is panic stricken over the #coronavirus, yet this flu season there have been 9.7 million flu illnesses, 87,000 hospitalizations and 4800 deaths from flu, including 32 pediatric deaths. It√¢¬Ä¬ôs time to stop the panic and put things into perspective.	1	0	1	0	1	0	0
446	#RM #Namjoon USERID He got teary eyed talking about army, he said he had no energy during promos √¢¬Ä¬òcause we weren√¢¬Ä¬ôt there, he would go home early after the music shows and scream out of frustration, that the whole situation (corona) is so unfair &amp; sad √∞¬ü¬•¬∫√∞¬ü¬ò¬≠√∞¬ü¬ò¬≠ URL	0	2	2	2	2	0	0
447	These 3 faces will become the most hated in US history. They are traitors to our nation, democracy and the Constitution. √∞¬ü¬ò¬°√∞¬ü¬ò¬°√∞¬ü¬ò¬°√∞¬ü¬ò¬°√∞¬ü¬ò¬° #VoteBlueToEndThisNightmare URL	1	2	1	1	1	1	0
448	Trump administration orders immigration offices to immediately remove posters explaining how to prevent #coronavirus URL	1	2	1	1	1	1	1
449	I'm a nurse who works &gt; 50 hr/wk with our most vulnerable. I cannot get tested None of our caregivers can be tested My patients cannot get tested My patients' families cannot get tested My family members cannot be tested. And noone I know can afford to miss work #GasMaskGaetz URL	1	0	1	1	1	1	1
450	I mainly shared this story because I want people to know how difficult it is to even get tested for #COVID19 in Missouri right now. With such a narrow group of people being tested, can really know the extent of the outbreak? The current system seems pretty foolish.	1	0	1	1	1	1	1
451	Hello, 25th. √¢¬Ä¬úHe√¢¬Ä¬ôs Definitely Melting Down Over This√¢¬Ä¬ù: Trump, Germaphobe in Chief, Struggles to Control the Covid-19 Story URL	0	2	2	2	2	0	0
