tweet_no	q1_label	q2_label	q3_label	q4_label	q5_label	q6_label	q7_label	tweet_text
1	no					no	no	For the average American the best way to say if you have covid-19 is coughing in a rich person's face and waiting for their test results
2	no					no	no	This is bullshit.
3	no					no	no	Can you follow the government's instructions so that we can drop this VOCID-19 and do it?! I feel like a kindergarten that is losing more and more recreational time because one or two children cannot follow the instructions.
4	no					no	no	No offense but the corona virus disappearing before April really sucks
5	yes	no	yes	no	yes	no	no	It's the face of someone who just spent 9 hours in personal protective equipment moving the seriously ill Covid19 patients around London. I feel broken - and we're only at the beginning. I beg people, please do social distance and self isolation #covid19 URL
6	yes	no	no	no	no	no	no	Yesterday, I knocked on my Tennant's door and told him that he could stay in the property for free for 5 months. He is independent with 4 children. I don't need Boris to tell me what is morally correct. Owners, if you can, do more, do something. #COVID19 #BeNice
7	no					no	no	"After the end of the COVID-19, it is better that I no longer hear anyone getting rid of the ""low-end"" workers again. These people at the grocery store, the General Dollar workers, those fast-food workers, Walmart employees, those people you didn't even think you deserved a salary to survive?"
8	yes	no	yes	no	no	no	no	It's Dr. Usama Riaz. He spent the last weeks of screening and treating patients with Corona Virus in Pakistan. He knew there was no PPE. It persists anyway. Today, he lost his own battle against Coronavirus, but he gave life and hope to so many others.
9	yes	yes	yes	yes	no	yes	yes	fun made: its tradition for Europeans to spread a potentially fatal disease to all other countries not fully inhabited by whites &amp; not to take responsibility for the subsequent devastation &amp; of lost lives
10	no					no	no	When this shit from Corona passes, we have to promise that we're going to tell our kids that we survived a zombie apocalypse in 2020.
11	no					no	yes	The lack of air is a symptom of the corona, but you know what also gives me the lack of air? Anxiety. And you know what gives me anxiety? To think that I have the corona.
12	yes	no	yes	no	yes	no	yes	"So, last week, I fought COVID-19 &amp; Pneumonia. I've never been so sick in my life. ""Young people are not at risk, they will only have mild symptoms."" False. I want to open myself up to the difficulties I've been through these last few days, what it was at UTI..."
13	yes	yes	no	no	no	no	no	My mother has a PhD in Corona Virus at WhatsApp University
14	yes		yes	yes	yes	yes	yes	He told rich friends, then paid $1.4 million in stock, then voted against the Covid-19 relief bill.
15	no					no	no	"future grandson: ""hey grandfather wants a crown?"" me: URL"
16	yes	no	yes	no	yes	no	yes	Korea has finished developing the Covid-19 diagnostic kit 10 minutes and is now developing production. They plan to export 300,000 test kits per week - URL
17	yes	no	yes	no	no	no	yes	There's a big elephant in the room right now, it's not the only epidemic right now, and it happens at a bad time, not that there's a good time, a mental health epidemic happens, and we're gonna start seeing...
18	no					no	no	Celebrities keep trying to sing the virus like it's a Disney movie or something.
19	no					no	no	Maybe if I develop feelings for Covid-19 he'll leave.
20	yes	no	yes	no	yes	no	yes	Threat: I'm talking mostly about movies here, but here we are. We're currently turning our factory to make only surgical masks and other short supply medical clothing. We can make 2 million masks a day, and we're looking to help in any way possible during this time. #COVID19 URL
21	no					no	no	My Mans House blew up 6 Vicodin Thursday and got this medicine Saturday morning.
22	yes	no	yes	no	no	no	no	I've done almost everything right. I've worked at home. I've seen a friend in the last 10 days. I've had a beer for an hour outside a pub, on both sides of a large table. Fresh air, no contact.
23	no					no	no	I don't understand how mcdonalds can serve two billion burgers every year, but when I order five million in training, it invades the system
24	no					no	yes	Bro China is here to read the power levels of niggas and we can't even get proper tests
25	no					no	no	When this crown shit is over, please invite me out.
26	no					no	no	You miss your ex, life without the corona virus.
27	no					no	yes	"""I stopped it and said, 'Look, it's not a movie. You're not Will Smith in I Am Legend. Go home."" It's the updated compilation of Italian mayors losing it to people violating quarantine #Covid19. Yes, the subtitles are accurate. URL"
28	yes	no	yes	no	yes	no	yes	Please do not take hydroxychloroquine (Plaquenil) more azithromycin for #COVID19 unless prescribed by your doctor. Both medicines affect the QT interval of your heart and can lead to arrhythmias and sudden death, especially if you are taking other medicines or have heart disease.
29	no					no	no	Day 5: We rediscovered agriculture
30	yes	yes	yes	no	no	no	no	This Corona virus will pass by mid-April!! Talking about it to existence
31	no					no	no	Thank you all for your incredible messages of support and encouragement.................................................................................................................................................................................................................................................................................................................................................................................................................................................................................................................................................................................................................................................................................................................................................................................................................................................................................................................................................................................................................................................................................................................................................................................................................................................................................................................................................................................................................................................................................................................................................................................................................................................................................................................................................................................................................................................................................................................................................................................................................................................................................................................................................................................................................................................................................................................................................................................................................................................................................................................................................................................................................................................................................................................................................................................................................................................................................................................................................................................................................................................................................................................................................................................................................................................................................................................................................................................................................................................................................................................................................................................................................................................................................................................................................................................................................................................................................................................................................................................................................................................................................................................................................................................................................................................................................................................................................................................................................................................................................................................................................................................................................................................................................................................................................................................................................................................................
32	yes	no	yes	no	yes	no	no	My fellow citizens, there is absolutely no need for PANIC. Essential products, medicines, etc. would be available. The Centre and various state governments will work closely to ensure this. Together, we will fight COVID-19 and create a healthier India. Jai Hind!
33	no					no	no	Dogs when they found out their owners can't leave because of the corona virus URL
34	yes	yes	no	no	no	no	no	We clean up like Gaston's quarantines like Gaston, no one stops spreading COVID-19 like Gaston.
35	yes	no	yes	yes	yes	no	yes	That's why the beaches didn't close in Florida, and why they had a minimum COVID-19 prevention. Absolute dysfunction. URL
36	no					no	no	"Here is a subtitled compilation in English. ""I heard you wanted to organize graduation parties. I'm going to send the police. With flamethrowers."" #Covid19 #Coronavirus URL"
37	no					no	no	"COVID-19 Finally, some reasonable advice from a nurse ""What I've seen many are recommendations on how to try to avoid getting coronavirus first -- good hand washing, personal hygiene and social distance -- but what I haven't seen much is advice for..."
38	yes	yes	no	no	no	no	no	Corona Virus is not real, the government just wants everyone inside for two weeks so they can change the batteries in the birds.
39	no					no	no	day 6 of quarantine: my father gave a lecture to cats on the covid-19
40	yes	no	no	no	no	no	no	"It's the Z generation. I want to name it because people like to call everyone 40 and under Millennials. Millennials are not in Spring Break. Millennials are at home yelling at their parents Boomer who don't sit down because they have ""faith to fear."""
41	no					no	no	"""Hey happy guys auto quarantine. Corona virus is a real thing."" wow I had no idea! thank you Kylie! URL"
42	yes	no	yes	no	no	no	yes	"The World Health Organization warns young people: ""You are not invincible. ""COVID-19 could"" put you in hospital for weeks, or even kill you. Even if you don't get sick, the choices you make about where you are going could be the difference between life and death for someone else. """
43	yes	no	no	no	no	no	no	This man, Bill from the hospital, is so much.
44	no					yes	yes	Video of a hospital in Spain. Watch it. Watch it again with the volume up. Now cancel this brunch. Postponing the meeting of this coffee. Rather check that dinner with friends. Sucks isn't that? But not as hard as this #COVIDů19 #coronavirus #StayAtHome URL
45	no					no	no	When you're goaltender... and only child... in isolation... and trying to follow your training... I'm so impressed. #coronavirus #StayHomeStaySafe URL
46	no					no	no	Covid-19 may be great, but I just want to remind you that our God is GREAT.
47	yes	yes	no	no	no	no	no	CDC has just announced that corona can be disseminated via the challenges of Instagram history:-/
48	yes	no	yes	no	no	no	no	Katie Porter's sister, a doctor, is breaking down how to stay in can save lives during the COVID-19 crisis URL
49	no					no	no	"Did anyone else accidentally shout ""Corona Virus"" at Cardi's voice?"
50	no					no	yes	These workers need protection, health care and sickness pay - regardless of citizenship status. Their services are ESSENTIAL and we need a more aggressive dialogue on this issue. What would life look like without them? I don't want to know!
51	no					no	no	me: h- my mother with her PhD in corona virus after graduating from threads whatsapp: URL
52	no					no	no	Check out BTS's hope message to overcome #COVID19 by taking care of each other! We invite His Heung-min to continue the message! URL #StayConnected #StayStrong_ARMY #BTSLoveMyself #ENDviolence
53	no					yes	no	Les Blancs: COVID-19 Les Noirs: le peuple gay RONA: Miss Rona
54	no					no	no	corona if you leave by right May? URL
55	no					no	no	wow... taken this morning....never seen Vegas this void before tbh #Coronavirus URL
56	yes		yes	yes	yes	no	yes	There was a bad flu that turned in December/early January. I tell you, it was corona. Bare ppl were sick (including me) complaining about what we now know as the symptoms of corona.
57	no					no	no	So, because of the COVID-19 fucking everything in the air, I thought 'Why don't we have a Twitter prom?' So, without further ado, I invite you all to my twitter's prom! You can ask someone to go with you as a friend or as a partner. The prom will take place on March 25th. Interact to join!
58	no					no	no	Batman's going to get tables. It's hard.
59	no					no	no	From there to this URL
60	yes	no	yes	no	no	no	no	Today we lost 2 colleagues, a young companion of adult cardiology &amp; a medical oncologist due to the COVID-19. We stop to pray for them, And yet this war is only beginning, without any end to the sight! We ask your prayers We ask our politicians to help and act in a rude way for support!
61	yes	no	no	no	no	no	no	China has 24 times as many people as Italy...
62	no					no	no	After all this, remember in the upcoming job interviews to ask them what their company has done to protect their employees with regard to the overall COVID-19 situation.
63	yes	yes	no	no	no	no	no	my silex stone gums from 15 years ago combats corona URL
64	yes		yes	no	yes	no	no	Iceland has tested its entire population. Read it again: HIS INLAND POPULATION.
65	no					no	no	But bitch you all said - URL
66	yes	no	no	yes	no	no	no	Yes, he is from China, but the technical term is Covid-19 Your mother is from the back of a Buick Skylark, but we call him Judith Don't be mean.
67	yes	yes	no	no	no	no	no	Dominican Republic has found the cure for Covid-19
68	no					no	no	I was eating that ROCK we didn't do.
69	yes	no	yes	yes	no	no	yes	"The epidemiologist who helped eradicate smallpox says that Trump's early treatment of COVID-19 is ""the most irresponsible act of an elected official I have ever seen in my life."" URL"
70	no					no	no	Here is a useful summary of the best current thinking among public health experts on how we need to address the fight against COVID-19 in the coming weeks.
71	yes	no	yes	no	no	no	no	celebrities making singing videos like corona virus now tops over 230k cases worldwide URL
72	no					no	no	All senators who did insider business after this COVID-19 briefing should resign immediately. Yes, that applies to both parties.
73	yes		yes	yes	yes	yes	yes	ICE pretended to be doctors, there's no fucking words.
74	no					no	no	Bro idk what happens but I agree with them. Shit mini-coopers. Small ass cars always look like a parking space until you're closer.
75	no					no	no	Our health professionals are heroes who put their lives at stake to maintain our country. Here's a look at how an emergency doctor who has already fought on the front lines of a crisis spends a day in this one. A good reminder for us to help them stay home.
76	no					no	no	Dear Allah, please protect Gaza at all costs.
77	yes	no	no	no	no	no	no	President of Slovakia presenting himself in his gout-to-drop crown, the hand-tailored tissue corresponding surgical masks..... Impeccable URL
78	no					no	no	This episode of Black Mirror is too long
79	no					no	no	It's for the CORONA, you big white fat bitch who smells like the big bitch why you took me out of your fucking schedule with your racist white triflin ass dirty your big fat bitch oompa tearpa bitch body I come up there and I'm gonna hit you fucking bitch
80	no					no	no	Bro those only 3 songs I hear on my TL Lord take this crown away now! URL
81	no					no	no	Not all heroes wear capes, sometimes they just wear a cover and netflix n chill for 2 weeks
82	no					no	no	Its always comfortable spots hit 3G
83	no					no	no	After finding out she infected Harvey Weinstein's URL
84	yes	no	yes	no	yes	no	yes	Germany carries out 160k Covid-19 tests per week. It has a total of 35k fans, 10k ordered by the government. It has converted a new hospital 1k bed in Berlin. Its mortality rate is tiny bcos its mass tests allows for quarantine and bcos it has fewer unreported cases.
85	no					no	no	People after 40 covid-19: URL
86	yes	no	yes	no	yes	no	yes	"Breaking: A child under the age of 18 died of coronavirus in Los Angeles, public health officials announce, in what is supposed to be the first death of children of the virus in the United States. ""A devastating reminder that COVID-19 infects people of all ages,"" says the LA health officer."
87	no					no	no	Addressing the nation to combat the COVID-19 threat. #IndiaFightsCorona URL
88	yes	yes	yes	yes	yes	yes	yes	You brought Corona back from Miami; now it has increased by 88% in 48HRS....
89	no					no	no	Everybody comes out of the crown as a bartender
90	yes	no	no	yes	yes	no	yes	".@realdonaldtrump just said, ""If it were the doctors, they would shut the whole world down."" In fact, if it were us, we would save as many people as possible. We would follow the science & evidence. We would never put politics before the health of the public #covid19"
91	yes	no	no	no	no	no	no	One of my colleagues died today of #COVID19. Not much older, big guy. We were just sitting together a few weeks ago, talking about anything. The next time I saw him, he was admitted to the ICU. And that was the last time I saw him. My whole body feels numb.
92	yes	no	no	no	no	no	no	If you told me about the New Year that in the 3 months of 2020: -Kobe Bryant is dead -We would be quarantined from COVID-19 -Schools and sports are closed -Tom Brady is a Tampa Bay Buccaneer that I would legitimately have thought the world would end.
93	no					no	no	Allah, you have already given them much more trials than we all over the world. If this is for their own good, give them the strength to go through it.
94	no					no	no	One day, if he wants, and when all this is over, I'd like to practice my freeckicks with him on purpose! What do you think?
95	no					no	no	Threat: There is a strong and understandable desire to return to better times and a functioning economy. But we must not lose to anyone that there is no functioning economy and society as long as Covid-19 continues to spread uncontrolledly in our larger cities.
96	yes		yes	yes	yes	no	yes	Mitch abandoned the bipartite work on the COVID-19 bill, then tried to adopt an untied corporate bailout that did not sufficiently assist health workers, first responders, and working class families.
97	no					yes	yes	This man was too afraid to infect his family and thought that he would not get the proper treatment because they are poor, so he simply took his life. THE GOVERNMENT needs to ensure Filipinos that they can go to a hotel &amp; be treated for free!
98	yes	no	no	no	no	no	no	She's my mother. She's my hero. She's a 60-year-old primary care doctor who tests patients for #COVID19. She puts her health at risk to test patients, get the care they need, and do everything she can to prevent the spread of the community and the overload of our hospitals.
99	yes	no	yes	no	no	no	no	Exactly a month ago, Italy found its first case of #coronavirus. I'll tell you what happened in just a month. I hope you can learn from our mistakes.
100	yes	no	yes	yes	yes	no	yes	It was the director of RITM, Dr. Celia Carlos, who would have been unfairly removed from her position because she refused to prioritize the treatment of COVID-19 tests by asymptomatic politicians and other VIPs compared to patients with symptoms. #Justice forDrCarlos #NOTOVIPTesting URL
101	yes	no	yes	yes	yes	no	yes	To be clear, Sen Loeffler not only undervalued shares, illegally using non-public information (presumably), she used the product to buy shares in a TELEWORKING SOFTWARE company, taking advantage of the collapse of the COVID-induced economy19.
102	yes	no	yes	yes	yes	yes	yes	"Texas, NY, &amp; Cali are the 3 biggest states. Cuomo &amp; Newsom are aggressive, *knowing* what will happen. In Texas, Greg Abbott is ""false cough"" to a journalist's questions, and Sen Cornyn tweets photos of Corona beer in 2 weeks my condition will be a dystopic rodeo. Book it."
103	yes	no	yes	no	yes	no	no	I hear rumours about the #NationalGuard troops supporting some national quarantine. Let me be clear: There have been no such discussions.... For news about the great work the Guard is doing to support the #Covid_19 response, click on the link. #COVID19 URL
104	yes	yes	yes	no	yes	no	no	FRIENDS. The thing about healing nature and wildlife back because of COVID-19 is false. URL
105	no					no	no	Due to the large amount of speculation about #COVID19, it is a reminder to rely on official sources for accurate information. Help control the spread of rumors by sharing this page: URL URL
106	no					no	no	Be vigilant for misinformation, rumors, and factual errors. Go to sources of confidence for information on #COVID19! URL
107	yes	no	yes	yes	yes	yes	yes	Let's remember that two Republican senators were involved this weekend in an insider trade scandal, selling millions in stock while telling voters that COVID-19 was a joke.
108	yes	no	yes	yes	yes	no	no	Fox News says he never called COVID-19 a prank. Let's check the receipts. URL
109	yes	no	yes	yes	yes	yes	yes	Do you remember when the chair of the Senate Intelligence Committee enriched himself with privileged exchanges of information about the danger of COVID-19 when his party told people that it was a joke to get Trump?
110	yes	no	yes	no	yes	no	no	Voice notes, &amp; image dissemination are shared on Whatsapp and other platforms with FAKE NEWS These messages are developed with the intention of causing fear &amp; panic Please ignore messages that are not signed by official sources URL #COVID19 URL
111	no					no	no	If COVID-19 is not a hoax, is it possible that climate change is not either? Should we perhaps learn something from this crisis, believe scientists, and avoid getting caught up next time?
112	no					yes	yes	At 8:00 p.m. today local time in #Wuhan. Do you see how many lights there are? We can falsify the numbers, but we can't falsify the fact that only a few apartments are still on. Where did people go? #CCPVirus #COVID19ON #coronavirus URL
113	yes	no	yes	yes	yes	yes	yes	"Macron's threat to close the British border for Boris Johnson was incredible, and the Elysee called British politics ""negligent negligence."" This failure of leadership costs lives."
114	yes	no	yes	yes	yes	no	yes	What the GOP did at the outbreak of Covid-19: - The actions illegally exchanged - It is a hoax - Guilty on China - Attempted to save large companies without conditions What they did not: - Helping workers - Helping small companies - Producing enough tests or fans
115	yes	no	yes	no	yes	yes	yes	"REPRESENTATION: USERID Chief of Staff, Abba Kyari, appears to be ill, suspected of contracting #Coronavirus (2002) Sahara Reporters A high-level source from the government said Monday to SR that Kyari has been seriously ""down"" since his return from a trip abroad. READ MORE: URL"
116	yes		yes	yes	yes	no	no	3/16: ron paul publishes an article calling corona a joke 3/22: ron paul his positive test for corona URL
117	no					no	no	Rumors are no less infectious than #coronavirus! It looks like a meticulous list, but a fake one too! Please note that these directions have not been given by USERID. If you have any doubt, please #Dial100 or tweet to us! #TakingOnCorona URL
118	yes	no	yes	no	no	no	yes	As we have seen on the wkend, the disinformation is broadcast online on a so-called national blockade and grounding flights. Be skeptical of rumors. Make sure you get information from legitimate sources. The USERID organizes daily briefings and the USERID provides the latest information.
119	yes	yes	yes	yes	no	no	yes	.@realDonaldTrump, dear Lord - please get in place and be a leader. While you have been chattering about the hoaxes and the false news, the VOCID-19 pandemic has hit all over America. USERID and others have filled the country's leadership gap. Drive or get out of their way.
120	no					yes	yes	"Sorry, there's no going back to saying that all this was a ""hoax."" I don't give a shit about a fucking ""tone change"", ""tone change"", nothing. You mutha fuckers took a serious situation and put everything in danger just to defend a mustache."
121	yes	no	no	no	no	no	no	"Delhi police registered a case under article 509 of the Indian Penal Code against a man who allegedly spit on a woman belonging to Manipur and called her ""Corona"" in the Vijay Nagar region of northern Delhi last night. URL"
122	yes	no	no	yes	yes	no	no	"Fake news trader Dhruv Rathee had said: ""The Corona virus will not spread outside China, we don't have to worry"" Has he ever said anything sensible? URL"
123	yes		yes	yes	yes	yes	yes	This photo circulating on a case of #COVID19 in Kano allegedly reported by USERID is FALSE This image was doctored to spread fear and panic Details on confirmed cases can be found via URL #FactsNotFear #COVID19Nigeria URL
124	yes	no		yes	yes	no	no	"Senator Rand Paul, the guy who opposed the #coronavirus emergency bill and paid sick leave, got a positive test on March 22 and is ON PAID MACK LEAVE His father, and former MP, Ron Paul, released an essay entitled ""The Coronavirus Hoax"" on March 17."
125	yes		yes	yes	yes	yes	yes	When India was fighting Corona, pigs like USERID shared false news to create a panic for Congress propaganda. There is no shortage of PPE. Students at Assam Medical University tested PPE as what can be used in case of shortage. URL
126	no					no	yes	FOX News puts their viewers at risk by making them believe that the VOCID-19 pandemic was a joke. These viewers put the entire American population at risk, and many people have lost their lives. FOX News should face a collective trial to hold them accountable. #FOXClassAction
127	no					yes	yes	"It's not a conspiracy tweet, but I really think COVID-19 has been here in America for a while. Do you remember how sick everyone was during the holidays/early January? And how everyone said they had the ""flu"" and the flu ""did not work""?"
128	yes	no	yes	yes	yes	no	no	Fox News says he never called COVID-19 a prank. Let's check the receipts. URL
129	yes	no	yes	no	yes	no	no	If U likes humanity, then pl transmit any false msg abt #Hantavirus to avoid panic, when we already have enough hv to fight wid #Coronavirus. Hanta Virus spreads only from the urine, fairies or saliva of an infected animal. Pl educate you &amp; RT so others to understand. #NoFakeNews URL
130	no					no	no	Outside Chicago earlier #coronavirus #forcedissolation #militarytrain #notahoax URL
131	yes	no	yes	yes	yes	no	no	Coronavirus: founder of AltNews, Shekhar Gupta and others broadcast claims not verified by a false account URL twitter
132	yes	no	yes	no	no	no	no	"A message from the Ministry of Information ""The general public is hereby urged to ignore any voice notes circulating on WhatsApp that a helicopter will spray 'antivirus' throughout the nation before 11:00 p.m. This news is false and should be ignored in its entirety."" RT #COVID19"
133	no					no	yes	"USERID USERID ""We are Desperate"": 10 nurses &amp; Doctors explain what it's like to fight #COVID19 without enough face masks. How do I know it's not #FakeNews? Because my child is an ICU nurse in CA. They haven't had enough #N95masks from the beginning. #GetMePPE 1/ URL"
134	no					no	no	- Create a fake account - Tweet False news - Pidi journalists go RT &amp; Quote RT - Then the original pidi goes Cite RT - Create panic - Say Sorry - Disable account URL
135	yes		yes	yes	yes	yes	yes	The Chinese Communist Party has suppressed information about the world's #COVID19 outbreak for political purposes. Rather than taking responsibility, they are actively campaigning for conspiracy theory propaganda against the United States.
136	no					no	no	TOP #COVID19-FacePalm DOCTOR NAMES 1 Dr HT Ong. Cardiologist Penang. Lawan City Council Execute sebab nak exercise massa MCO 2 Dr Adham. Minum air panas untuk bunuh. False information. Psychoscience False reinsurance 3 Dr Osman. Refuse testing. Infect everyone around him Current list URL
137	yes		yes	no	yes	no	no	[Tweeting again with detail in a single tweet so no alarm] JUST IN: 38 years old #Covid19 positive man dies in Patna. He had severe kidney problems that left him with kidney failure shortly after the return of Qatar.
138	yes	yes	yes	yes	yes	yes	yes	Fearmongering #PharmaFauci - who has built his entire career on HIV-AIDS causality$ BOGUS by pushing a #FakeScience of the immune system &amp; imperial control of servile academics, NOW thinks he will get away with this current scam on a petrified American public #coronavirus. NO!
139	no					yes	yes	"#FakeNews playbook. Put the word ""FALSE"" in large purple letters on post Q clearly showing how the #Covid19 pandemic could not have been an accident, hoping that the public will not see how far outside the standard gap all the ways it hurts Trump is. URL"
140	yes	no	yes	no	no	no	no	"""No one wants to get close to me."" After Nigeria recorded its first positive case #COVID19, a story became viral on social media. He claimed that the patient's taxi driver was asking for a payment not to spread the disease. The story was false, but the impact on Jude was very real. URL"
141	no					no	yes	Cry to USERID &amp; USERID That's what real leadership looks like. They kick &amp; by doing so with empathy &amp; respect, taking care of our citizens, while Trump tries to make us believe that he has changed his mind about #Coronavirus a prank!
142	yes	yes	yes	yes	yes	yes	yes	I was beginning to think that the interference of the fear of the Coronavirus was really something to fear. Then this Pelosi movement happened, and everything became clear again. COVID-19 is a joke.
143	yes		yes	yes	yes	yes	yes	Trump's chronology for managing the coronal crisis: a month ago: it's a hoax. Two weeks ago: it's serious. It's necessary to act to prevent its spread. This week: uhhhhhh on the second thought maybe a million Americans dying is not *it* bad.
144	yes	no	yes	no	no	no	no	Know the facts about #COVID19. Do not share rumors &amp; unintentionally spread the disinformation. Federal governments, local state &amp; display current and accurate information. To get help to distinguish the rumors from the facts, see USERID Coronavirus Rumor Control: URL
145	yes	no	yes	no	no	no	no	Patients with #COVID19 would have suffered from mild to severe respiratory diseases. Symptoms include fever, cough or shortness of breath. Learn more about symptoms of COVID-19: URL
146	yes		yes	no	yes	no	yes	Hungarian judge Mr USERID sends a bill to Parliament: - State of emergency until the end of 2020 - Rule by decree - Parliament suspended - No quick elections/referendums - Dissemination of false news and rumours punishable with a penalty of up to 5 years in prison #COVID19 URL
147	yes	no	yes	no	no	no	no	#WATCH Airline personnel call on everyone not to spread rumors and instead educate you about #COVID19, after being harassed by people in their housing society for allegedly spreading #Coronavirus. URL
148	yes		yes	yes	no	no	no	Shameful that a person of your reputation spreads false news/rumours in blind hatred for India and its traditions. India as a mark of respect came out in the balconies on the call of PM USERID to applaud doctors, health as well as emergency workers. There was no other reason.
149	yes	no	yes	no	yes	no	no	India is a country of vegetarians, so it will not be affected by #CoronaVirus like China. Vegetarianism &amp; #Corona has no link. + Indian vegetarianism is a myth, 80% of Indians are meat eaters! URL
150	yes		yes	no	yes	no	no	"To date, Uganda has no confirmed case of #COVID19. There is an alleged article that ""Uganda confirms 1st case of Coronavirus"" - it is not true and absolutely false. People, please stop spreading rumors. Our teams work 24 hours a day to protect you &amp; keep COVID out of URL"
151	yes		yes	no	no	no	yes	My fraud warning published this morning, please read and share - Frank Figliuzzi: Coronavirus scam alert: From Starbucks fake coupons to taxpayer fraud, the drawbacks become viral.
152	yes	no	yes	no	yes	no	no	An online website falsely reported that the government is likely to impose a financial emergency in India to deal with the crisis caused by #Covid19. Please be informed that the story is malicious and false and that there is no such plan. URL
153	yes		yes	yes	yes	yes	yes	"""China and the head of WHO: Keeping the two responsible for the pandemic"": an indictment of how the head of WHO, according to Dr. Tedros, would have helped Chinese President #XiJinping hide the full extent of #COVID19 for weeks in January, causing a global disaster."
154	yes	no	yes	no	no	no	yes	One million dirhams fine. 5 years of imprisonment and expulsion and life ban of #UAE for sharing anything unconfirmed or #FakeNews on #CoronaVirus on social media or whatsapp. #UAE Government The best announcement I heard during this pandemic.
155	yes			no	no	no	no	So far I know 2 ppl near me who tested positive for Corona. Both recover from pneumonia at the hospital. It's not a game or a conspiracy. Ppl don't need good wishes etc... they need you to stay home
156	yes	no	yes	no	yes	no	no	#FakeNews Alert #PIBFactCheck: The claim that Paracetamol can treat the infection #Coronavirus is false! Beware of #False remedies being shared on #Covid19india. For authentic information on #CoronavirusInIndia follow the USERID URL
157	yes	no	yes		yes	yes	yes	Prisoner released early during the COVID-19 concerns reportedly entered the woman's house, stabbed her, and threatened to kill her URL
158	no					no	no	#CoronaVirus Fact Check Hop on and RT if you SUPPORT USERID SUPPORT SYSTEM RT this tweet COMMENT SYSTEM with your handle @ FOLLOW those who comment BOOKING SYSTEM/COME Back Follow USERID #CoronavirusPandemic #FakeNews URL
159	yes			no	yes	no	no	Namaskaram, this message is not from Sadhguru. It is a false message that is broadcast on WhatsApp. We ask you to delete these tweets.
160	yes	no	yes	yes	yes	yes	yes	"Trump didn't do anything, he told us it was a ""democratic hiccup,"" and that the fifteen cases would soon be none. #coronavirus #TrumpPandemic #TrumpLiesPeopleDie URL"
161	yes	no	yes	yes	no	yes	yes	"Trump's decision to do nothing and call #COVID19 a ""false"" has unnecessarily exposed millions who could have taken such conscious action. There will be a river of blood that will forever stain Trump's small hands."
162	yes	no	yes	yes	yes	no	yes	"Trump says ""we were ahead"" on #coronavirus. 2/26 ""The 15 (people) in a few days will be close to 0"" 2/28 ""One day, it's like a miracle, it will disappear"" 2/28 ""It's their new hoax"" 3/12 ""It's going far"" Yes. We were ahead."
163	yes	no	yes	yes	no	no	no	Current people telling the world that Pakistan is taking precautions against #CoronaVirusPakistan. But our Fake Media only gives hype &amp; sensationalism. We all have to be ONE in this war against #CoronaVirus. Stay home. Stay safe. URL
164	yes		yes	yes	yes	no	no	Maddow - the woman who sold wild conspiracy lies and theories for 4 years - calls on Trump to stop his COVID-19 pressors.
165	yes	no	yes	yes	no	no	yes	The fact that people refuse to stop meeting in big groups because they don't believe millions of Americans could die is Donald Trump's fault. You can't tell your voters that the media are lying about science is falsely shocked when they refuse to take Corona seriously.
166	yes	no	yes	yes	no	no	no	President USERID says the American people are looking for hope and do not respond to this media sensationalism! Thank you for fighting for the American people during this #coronavirus. Fight against URL #FakeNews
167	yes	no	yes	yes	yes	no	yes	"I repeat... China warned the WHO of the New Corona virus in 2019 DEC... The President of the United States called it ""HOAX"" until about 10 days ago!!!"
168	yes	no	yes	no	no	no	yes	The government of India gives advice to all social media platforms to curb bad information/#FakeNews on #Coronavirus. While #IndiaFightsCorona joins #Coronawarriors League Want one before being #Fake: #Whatsapp Us: +91 87997 112590- pibfactcheck@URL URL
169	yes	no	yes	no	no	no	no	We don't like rumors. Please don't spread them. If you tell people that the Nat. Guard will impose martial law, please stop. That's not true. They are busy helping distribute medical supplies. Please and thank you. #COVID19 #kckpd #commonsense #norumors URL
170	yes	no	yes	no	no	no	no	Congress General Secy Mrs. USERID asks people not to panic; do not spread false news; take precautions and wash your hands... #Corona URL
171	yes	no	no	no	no	no	no	I attended the AMVCA on March 14 at the Eko Hotel. Even the party After. I decided to isolate myself one day after a rumor began, Early in the morning Daily work in my room. I obeyed the isolation period of 14 days. Day 9 now. Love and light The guys.
172	yes	no	yes	no	yes	no	yes	Garlic can be tasty, but it won't protect you from the new #coronavirus. Don't spread rumors. Fighting #COVID19 is also a fight against disinformation. #ShareInformation #ShareKnowledge #StayAtHomeChallenge URL
173	no					yes	yes	I have never hidden my hatred and total disgust for the Nigerian ruling class. I will not start with false sympathy now, there is no one who deserves what comes to them more than they do. I hope that the corona virus does a thorough job.
174	yes	yes	yes	yes	yes	yes	yes	Experts predicted that 70% of Americans would be infected with #COVID19. Turns out that.005% were. They missed it by THAT a lot. #FearPorn is the new #FakeNews.
175	yes		yes	yes	yes	yes	yes	"After failing to correct the USERID lie that President Trump called the #coronavirus ""false,"" USERID Jake Tapper admitted that he knew that ""the president did not qualify the virus as a hoax."" Today, USERID repeated the same lie. Tapper did not fix it. URL #FactsFirst URL"
176	no					yes	no	"If our ""leaders"" don't want people to start believing that all this is a joke, they should stop playing politics with it. In the real world, patience and trust are slim. USERID USERID #ChineseVirus #COVID19 #coronavirus"
177	yes		yes	yes	yes	yes	yes	This man spreads lies and false news. Dear Malaysian officials, please report it to the URL. Thank you.
178	yes		yes	yes	yes	yes	yes	Senior propagandist for the Chinese Communist regime spreading more conspiracy theories. Even ass who said the virus originated in the United States. Twitter allows Chinese government officials on their platform even though Twitter is banned in China.
179	no					no	no	Correct it and shut up because you can't stop it!!! How many rumors have you spread on this platform.
180	yes	no	yes	no	no	no	no	Bihar reports the first death of COVID-19: a 38-year-old man with a history of travel to Qatar dies in AIIMS, Patna, says the head of the hospital
181	yes	no	yes	no	no	no	no	Bihar: The 38-year-old man who died at AIIMS in Patna and obtained a positive test for #COVID19, had a history of traveling abroad to Qatar.
182	yes	yes	yes	yes	yes	yes	yes	#Qatar refused to prepare a hospital for the thousands of migrant workers infected with CoronaVirus on its soil, instead he locked them in animal shelters without any medical care! Migrant workers are not slaves, they have rights! Shame on #HumanRights ors to be silent!
183	yes	no	yes	no	no	no	yes	NEW #CDCTRAVELNOTICS: #COVID19 in Romania, Qatar, Singapore, Saudi Arabia, Philippines, Ecuador, South Africa, Indonesia and India. Avoid any non-essential travel to these areas. More information: URL. URL
184	yes	no	yes	no	yes	yes	yes	Saif Ali returns frm Qatar, goes to Munger, Bihar. Inflates, is admitted to hospital, sent back to AIIMS, but dies. Doc found that he is Corona+ Police comes home, puts the whole family in quarantine. Now Evry member has fled the house & everyone scared URL
185	yes	no	yes	no	no	no	no	First death of Corona in Bihar. Saif Ali, 38, died last night in AIIMS, Patna. He returned from Qatar a few days ago.
186	yes	no	yes	no	no	no	no	Bihar: A 38-year-old died at AIIMS Patna due to #Coronavirus.He returned from Qatar and was admitted to hospital on March 20. #CoronaVirusUpdate URL
187	yes	no	yes	no	no	no	no	Rwanda confirms 17 new cases of COVID-19 bringing to 36 9 Dubai travellers. 3 travellers from Kenya. 3 travellers from the United States. 1 traveller from Qatar. 1 traveler from India. 1 contact from a previous case. URL
188	yes	no	yes	yes	yes	yes	yes	This is the 2022 World Cup workers quarantined in miserable conditions in Qatar.. this is inhuman.. does USERID accept this crime? USERID USERID USERID USERID USERID #Coronavirus #Covid_19 URL
189	yes		yes	yes	yes	yes	yes	"Amnesty says Qatar has refused to prepare the hospital for workers infected with #coronavirus working on projects such as USERID Amnesty has confirmed many cases within the ""work camps"" where workers live in Qatar."
190	yes	no	yes	yes	yes	yes	yes	I just landed at JFK after reporting on the #coronavirus in Milan and Lombardy - the epicentre of the Italian epidemic - for USERID I walked directly through American customs. They didn't ask me where in Italy I went or whether I came into contact with sick people. They didn't ask me anything.
191	yes	no	yes	no	no	no	no	ALERT!!!!!!!!! Corona virus can be spread by money. If you have money at home, put gloves, put all the money in a plastic bag and put it in front of the front door tonight. I collect all plastic bags tonight for safety. Think about your health.
192	no					no	no	COVID-19 Health Tips URL
193	yes	no	yes	no	yes	yes	yes	"Chinese doctors say that autopsies of #coronavirus victims suggest that #COVID19 is ""like a combination of #SARS and #AIDS because it damages both the lungs and the immune system,"" and can cause ""irreversible"" lung damage even if the patient survives."
194	no					no	no	.@NationalNurses President Deborah Burger reads a public statement from one of our quarantine nurses working at a Kaiser facility in northern California.
195	yes	no	yes	no	yes	no	yes	WOW. A man in Incheon, west of Seoul - who contracted the #coronavirus - has documented his symptoms and activities for 25 days since his felt the symptoms in 38 pages in remarkable detail. He was wearing masks and gloves at home and the 23 close contacts tested negative for the virus.
196	no					no	no	So the COLONA virus prevents you from eating Chinese food N TRAVELING, but HIV doesn't stop you from fucking URL RAW.
197	no					no	no	Miss Corona u has another job to do
198	yes	no	yes	no	no	no	no	ALERT!!!!!!!!! Corona virus can be spread through international printed albums. If you have albums at home, put gloves, put all the albums in a box and put it in front of the front door tonight. I collect all the boxes tonight for safety. Think about your health.
199	no					no	yes	How many people could be covered by the cost of building a tennis pavilion at the White House?
200	yes	no	yes	yes	no	no	yes	It's very serious: Speaking of corona-virus this morning, Trump said, 'We closed it. We stopped it.' There were 15 confirmed cases in the United States a week ago. There are 233 today. There will be *5,000* in a week TRUMP'S INCOMPETENCE KILLS. URL
201	yes	no	yes	yes	yes	no	yes	The people of the USERID administration have to resign for the massive continuous shortcomings of the tests. USERID knew in January about #Covid_19. And it did not do the only thing necessary to stop the spread of #coronavirus: to test so that we can contain it.
202	yes	no	yes	yes	yes	no	yes	It's Friday. That means USERID lies again. USERID hasn't stopped the #CoronavirusOutbreak. It has now spread to 21 states with more than 225 cases in the United States. And we can't contain it because we still don't have enough test kits to know where the virus is.
203	yes	yes	no	no	no	no	no	The methamphetamine you confused with Molly in 2014 was the Corona virus vaccine.
204	no					no	no	Let's make an F in the conversation for Grandpa
205	yes	no	yes	yes	yes	no	yes	It's March &amp; we still lack adequate #coronavirus test kits. It's a breach of duty by USERID He knew about the virus in January. Instead of running, USERID launches false information about #COVID Ó19 to minimize the growing epidemic. Completely unacceptable.
206	yes	no	yes	yes	no	yes	yes	Rick Santelli on USERID just made the argument that we would be better off if everyone had the #coronavirus right away and 2% of the world died, so the financial markets could stabilize. Rick likes Republicans, not being like Rick. It should get viral. #VoteBlueToSaveAmerica URL
207	yes	no	yes	no	no	no	yes	"Adm. Brett Giroir, Deputy Secretary of Health at HHS, said: ""It's lower than what you've probably heard in many reports... it's not likely in the range of 2 to 3%"" URL"
208	yes	yes	yes	no	no	no	no	There is not a single confirmed case of an infected Asian in New York City. Stop discrimination causes the virus definitely not. #racist #coronavirus URL
209	yes	no	yes	yes	no	yes	no	Purchasing panic is a symptom of a dysfunctional society suffering from individualism For those who have liters of soap at home - do you realize that to slow down the transmission of COVID-19 you need other people to clean their hands too?! A toilet paper fortress will not protect you
210	yes	no	yes	no	yes	no	yes	As soon as President USERID learned that #Coronavirus was a problem in China, it closed the entry into the United States of China. It saved many lives! #TrumpTownHall URL
211	no					no	no	I'm gonna have to go to TotalSportek for my funeral.
212	yes	no	yes	yes	no	yes	yes	"Epidemiologist Marc Lipsitch, director of the Harvard's Center for Communicable Disease Dynamics: ""In the United States, it's the reverse of content."""
213	no					no	no	I just have this: personal statement by Hisham Hamdan, Covid-19 @ Case 26. Read it. Eyes open. URL
214	yes	no	yes	yes	yes	yes	yes	Toronto has another case of #COVID19 in a traveler who has acquired the infection in Las Vegas. You have heard this right - Las Vegas. The United States exports cases and travel history quickly becomes irrelevant. URL
215	yes	no	yes	no	no	yes	yes	There are now more than 100,000 cases of #coronavirus worldwide. 3,398 people have died of #COVID19 and 55,672 people have recovered.
216	no					no	no	I have decided to read almost all the articles that exist on #CoronaVirus today. My path is Biology and Neurology and I am obsessed with catching it the parabolic trends early, data and medical research. Here is a wire with the latest research Don't hesitate to retweet or quote with credits
217	no					no	no	I would like to express once again my closeness to those who are suffering from #coronavirus and to the health care workers who are taking care of them, as well as to the civil authorities and all those who are taking care of helping patients and containing the spread of the virus.
218	no					no	yes	"But if it was Harry and Meghan who were joking about it, it would be ""Meghan wishes the innocent citizens of Britain to die"""
219	yes	yes	yes	yes	yes	no	yes	BREAKING: Trump could still own shares in a company that, according to the CDC, will play a major role in providing Coronavirus test kits to the federal government, which means Trump could take advantage of Coronavirus tests. #COVID Ó19 #coronavirus URL
220	no					no	yes	Coronavirus COVID-19 Global Cases Followed by the University of Johns Hopkins URL
221	yes	no	yes	yes	no	no	no	Did you all know that there are 96,950 cases of COVID-19 at the moment? Did you know that 3,308 people died from this? But did you all know that 53,981 of these cases have already recovered? Stop letting the media control your brain. Tactics of fear are real tactics. Do your research.
222	no					no	yes	Dear USERID Pence: Is the following true? Do you have a plan? Also, when will local jurisdictions get the #Coronavirus test kits you promised?
223	yes	no	no	yes	no	no	no	I work with a mat sallah boss and every time he hears someone sneeze or cough he would ask them to return immediately, or work from home. The thing at our Asian is, we still think RAJINNYA DTG KERJA WALAUPUN SAKIT so much dedication but you are not just dispersing germs....
224	yes	no	no	yes	yes	yes	no	The same people used in several photos for crown claims in different cities around the world &gt;&gt;33 is apparently a predominant number.
225	yes	no	yes	yes	yes	no	yes	After weeks of federal government drags on the VOCID-19 tests, Trump has just admitted to the cameras that he wants to manipulate the measurement of the outbreak for his personal political benefit.
226	yes	no	no	no	no	no	no	Tomorrow, this boomer is going to be 25 years old. I will go to France to ski + maybe get the virus corona, so I will be above all AFK. To celebrate I give this cool Nomad knife away. Just retweet to enter. Choose a random winner when I am home!
227	yes	yes	yes	no	yes	no	yes	Korea: give a free trial kit for covid-19 PH: us on tiktok!!!
228	yes	no	yes	no	no	no	yes	"Summary of today's #coronavirus: -95 270 confirmed worldwide cases &amp; 3,281 deaths -80% of new cases in WHO estimates ~3.4% of cases of #COVID19 are dead -""It's time to pull all stops"" -@DrTedros - Countries must adopt a global and whole-of-government approach"
229	no					no	no	I wash my hands: [Farewell Sharona voice] crown die
230	no					no	no	PIR Grandfather can you get 30 gifted submarines?'
231	yes	no	yes	yes	yes	yes	yes	WTAF?!! A man in Dartmouth with the symptoms of #COVID19 was asked for auto quarantine pending test results. He decided that he was fine and went to a party. The results returned positive the next day. Now another has. Why so many people treat it like a joke? #CoronaVirusUSA
232	yes	yes	yes	no	no	no	no	What works to stop the spread of Coronavirus: 1. Wash your hands for at least 20 seconds 2. Cough and sneeze in the elbow 3. Stay home if you are sick What does not work: 1. Racism
233	yes	no	no	no	no	no	no	Touching one's own face is not recommended because #Coronavirus spreads all over the world. Touching another's face is simply unacceptable. #JustSoWrongJoe #NotOKayJoe URL
234	no					no	yes	Here is my announcement of public interest: If USERID says or tweets something in conflict with what doctors and experts have said about the #CoronavirusOutbreak, trust doctors and experts.Your life and that of your family and friends may be at stake.
235	no					no	no	The scariest thing about COVID-19 is that it looks like a JIRA ticket.
236	yes	yes	yes	no	yes	no	yes	Vietnam was the first country to fully contain SARS and COVID-19 (without death) and developed a rapid test kit in a month that WHO said it had to take four years. WHO is now consulting Vietnam to get help with the global crisis.
237	yes	yes	yes	yes	yes	yes	yes	Every year, more people die of regular madness than the number of people who died of the Corona virus who wash your hands and cover your mouth when you cough, take your fucking vitamins and stop being racist to all the Asian people you see.
238	yes	yes	yes	yes	no	no	no	Translation - A 60-year-old woman took a cold and is fine.
239	no					no	no	It's the URL of the crown hour.
240	no					no	no	Do not die of #Coronavirus without seeing this first one, this is the best clip you will watch this year. #Covid_19 #Thoughts Thursday #ThursdayMotivation #Coronvirus URL
241	yes	no	yes	yes	yes	yes	yes	CONTINUES THE TEST OF #COVID (') 19 IS A DERECTION OF LAW BY USERID He has known since Jan about #coronavirus. What is particularly shameful is that USERID uses artificially deflated numbers because of the lack of tests to say that the virus has been stopped.
242	no					no	no	The quarantine would give me plenty of time to catch up on the shows and all that, read, write a bunch and if I'm lucky, die
243	no					no	no	this is the best set of information I found on the corona virus and it is worth looking at the full URL of 10mins
244	no					no	no	Normal ill ppl vs people with Corona virus #CoronaVirusChallenge URL
245	no					no	no	The community hate virus is more deadly than the Corona virus!
246	yes	no	yes	yes	yes	yes	yes	The attempt of USERID to minimize the #Coronavirus has not been well aged. According to USERID, there are more than 215 cases &amp; 14 deaths, of which 56 new cases today. Due to the lack of tests by the administration, we still do not know the extent of the spread of the virus.
247	no					no	no	Corona Virus is temporary. Home music is forever
248	no					yes	yes	Deny testing to victims of coronavirus to help your approval numbers should be considered attempted murder.
249	no					no	no	Coronovirus #COVID19 is cancelled!
250	no					no	no	You all tweeted about Corona but not about Corinthians smh
251	no					no	no	The whole world: Corona Virus is dangerous. Jamaicans: URL
252	no					no	no	"""It's the coffin there as you can see"" URL"
253	yes	no	yes	no	no	no	no	Like an invasion of hostile aliens from outer space, COVID-19 is an enemy of the human species that will not negotiate. It does not care about your nationality, ideology, politics, or religion. This enemy of all of us requires a global effort to fight, guided by science and not by magical thought. URL
254	no					no	no	It's Friday son of a bitch, you come with a bag of nuts filled with Corona juice and a breathing mask....
255	yes	no	yes	no	no	no	no	#VIDEO: The circumference area around Holy Kaaba at #Makkah Mosque has been temporarily emptied of people in order to clean and sterilize it, due to fears of #Coronavirus and to ensure the safety of pilgrims. URL
256	no					no	no	DOH IS OFFICIALLY ON TIKTOK!Learn the protective measures against COVID-19 in this TikTok video! Join the #covidence challenge! Follow DOH Tiktok's official account at ID:dohgovph URL
257	yes	no	yes	yes	no	yes	yes	"A nurse - exposed to #coronavirus and quarantined MALADE - USERID hammers for the initial REFUSING and then postponing the #COVID19 test. ""What a ridiculous and uneducated response... it is a public health emergency."" h/t USERID USERID URL"
258	no					no	no	Bring more hope! Science works! URL
259	yes	no	no	no	yes	no	no	As of March 6, 15h KST, #BTSARMY donated approximately 505,500,000 won for COVID-19 relief in 9 days!!
260	no					no	no	"President Trump could create a remedy for the COVID-19 and we would hear ""not my remedy"" from the TDS crowd. They say we are a cult, while we are actually a family. The Trump team is a dynasty and this dynasty will make it re-elected. #Landslide2020"
261	yes	no	yes	yes	yes	yes	yes	After USERID and his friends minimized the #CoronavirusOutbreak, Pence now admits that there are not enough #coronavirus test kits. Experts (including me) saw this coming for weeks and called for #COVID19 point of care tests. Their incompetence will cost lives.
262	yes		yes	no	yes	no	yes	#HongKongers decided not to listen to their own government for good reasons and decided to wear masks to protect themselves. #HongKong had the first case of #coronavirus much earlier than most countries on this list and had seen almost little or no increase in cases since.
263	no					no	no	So there's a local transmission, wash your hands, don't cough, and don't sneeze on people.
264	yes	yes	yes	no	yes	no	no	Kerala is the only state in India that has managed to stop 3 deadly viruses, Corona, Nipah and BJP.
265	yes	no	yes	no	yes	yes	yes	This latest report of SARS-like lung lesions is consistent with previous clinical reports of #coronavirus cases of #China. At least 1 patient who survived #COVID19 later received a lung transplant due to permanent fibrosis ('healing') of his lungs. URL
266	no					no	no	My bihun sup is not perfect without sambal hitam
267	yes	no	no	yes	no	no	yes	"Donations to the U.S. Government are managed by a specific U.S. Treasury office; you do not send a cheque to an ""Assistant Secretary of Health Office"" - see URL"
268	no					no	yes	So here's a question for today: if you're a doctor in the Seattle area, can you, from today on, order a VOCID-19 test for any patient you think should be tested? Curious to hear real health professionals in the region.
269	no					no	no	What is the coolest way we can say '16 people have been tested'
270	yes	no	yes	no	yes	no	no	This #coronavirus emergency response package gives our government the resources it needs to deal with this public health crisis - without stealing a penny of other critical initiatives. With my signature, it goes to the president's office.
271	no					no	no	Virus needs us to travel. Let us 'Beat The Virus' with conscious and responsible action. Does not allow Virus to dislodge and disturb your lives and that of the Nation. - Sg #CoronaVirus
272	yes	no	yes	yes	yes	yes	yes	Nero still laughs. As people die &amp; his administration disturbs the COVID-19 response, DONALD TRUMP introduces another TAXPAYER-FUNDED vacation to his private LUXURY RESORT. I am really trying to comply with a social media policy that certainly prohibits cursing a corrupt POTUS.
273	no					no	no	We called him here first, or at least among the first... it would be good news.
274	yes	no	no	no	no	no	no	#Taiwan's ability to contain the epidemic of #COVID19 is a tribute to our unit &amp; resilience. It also talks about the collaboration between our government, people, &amp; the many private companies that have increased production to protect public health &amp; make it impossible: URL
275	yes	no	yes	yes	no	yes	yes	Dear USERID A reminder that last week in the USERID case commission, USERID refused 6 times to deny that #coronavirus is a hoax.
276	yes	no	yes	yes	yes	yes	yes	There is something strange going on with Turkey. It refuses to give evidence about the Corona virus to the WHO. There are rumors that the problem is almost as with IRAN. Some cases are reported on Turkish airlines.
277	yes	no	yes	yes	yes	no	yes	Japan: Close Schools Italy: Close Schools and Football Games China: Close All Olympic Games; Can Cancel Trump: Coronavirus is a lie, my intuition is that experts are wrong, and you should go to work and school. #TrumpVirus #COVID19 #Coronvirus
278	yes	no		yes	no	yes	no	Don't interrupt! Blame 4 #coronaviruschina will allow us to unite against the New Evil Empire. This pandemic killed not only the Chinese but also the people around the world. Wuhan's victims shout false as vice-first visit. URL
279	yes	yes	yes	no	yes	no	no	"According to TMZ, and other reliable sources. Selena Gomez would have made a $1,000,000 donation to vaccine research to help prevent the spread of COVID-19 also known as Coronavirus. ""I want everyone to know that they are rare and soon this disease will be."" URL"
280	yes		yes	yes	no	yes	no	Dear #Patriots, Who else finds it strange that #FakeNewsMedia continues to vomit this frightening #coronavirus &amp; gives us daily the deaths of this disease... when they could care less about how many deaths occur every minute following abortions??
281	yes	no	yes	no	no	no	yes	6 March 20:00 19:00 GMT+2 Number of confirmed cases of #COVID19 in the region ♫Afghanistan 1 ♫Bahrain 56 ♫Egypt 15 ♫IR Iran 4747 including 124 deaths ♫Irak 38 including 2 deaths ♫Jordan 1 ♫Kuwait 58 ♫Lebanon 16 ♫Morocco 2 ♫Oman 16 OPT 7 ♫Pakistan 6 ♫Qatar 11 ♫Tunisia 1 ♫KSA 5 ♫UAE 29 URL
282	yes	no		no	yes	no	no	"Trump's campaign continues CNN on the ""false and defamatory"" statements of ""Russia Russia"", looking for millions of damages. Fake News The media is worse than the #coronavirus. The enemy of the people! THE GREAT MEETING. You are the news now."
283	yes	no	yes	yes	yes	yes	yes	Three other Iranian officials reportedly died of #COVID19. Either being a politician makes you extra-susceptible to coronavirus, or the prevalence of the disease is orders of magnitude higher than the government admits: URL
284	yes		yes	yes	yes	yes	yes	USERID Donald Trump cancelled his trip to the CDC in Atlanta because someone would have had #coronavirus?? #hypocrite URL
285	yes		yes	yes	no	yes	yes	Why cancel a visit if it's just a hoax, or worse a flu? #GermaphobeTrump has 2 standards. Anyone who is infected with VOCID-19 can still go to work, unless it's the Chief Bonespurs URL
286	yes			yes	no	yes	no	ATTENTION: This man is the ROI of the empire of collusion deception. Trust in anything he says or writes. He is pure disinformation.
287	yes	yes	no	yes	no	yes	no	The media bombards us with questions about false cases. I will be the one to know first. I ask you to stop false news #Coronavirus URL
288	yes	no	yes		yes	yes	no	New York AG warns the televangelist #JimBakker to stop selling the fake #CORONAVIRUS CURE #LisaLandau, head of the AG's Health Care Office, sent a letter of cessation to Bakker Thursday threatening a lawsuit #MOG.........................................................................................................................................................................................................
289	yes	no	yes	yes	no	yes	no	Before the Corona Virus reached South Africa, Trevor Noah was on the daily show laughing at the fact that we were going to die because of China and their fake stuff. Some Americans were offended that he was mocking such a serious situation and he was like
290	yes	no	yes	yes	yes	no	yes	"Since this will never be reported by the media, I wanted to share a copy of this cheque. USERID is once again donating its salary back to the U.S. government.""This quarter, it will be given to USERID to confront, contain, and fight #Coronavirus."
291	no					no	no	Thank you, #MichaelBloomberg. Here is a little practical (involuntary) demonstration on the way to the spread of #coronavirus by the most senseless person in America: touch community food as much as you can with your salivated fingers. #MiniMikeBloomberg #DroolingBloomberg
292	no					no	no	"People, when you say ""Corona virus is not a big problem, it only kills people with disabilities, the elderly, the cornial sick, and immunocompromised"", the implication is that these people are sustainable. Please be more careful."
293	yes	no	yes	no	no	no	no	Just 1 case of Corona Virus in India and people are crazy about masks!! Daily 400 people die in road accidents and still no madness for helmetsThinking face #safetyaves than this virus or road accidents!
294	yes	no	yes	no	yes	no	yes	President USERID is committed to giving his salary during his term of office. Honouring this promise and in order to better protect the American people, he gives his 2019 T4 salary to USERID to support efforts to confront, contain and combat the #Coronavirus.
295	yes	no	yes	no	no	no	yes	I live in Seattle, I have all the symptoms of COVID-19 and I have a history of chronic bronchitis. Since I work in a physiotherapy clinic with many more than 65 patients and those who suffer from chronic diseases, I decided to be responsible and go for the test.
296	no					no	no	"My dad said, ""Why don't you cure the corona virus?"" And I told him he reminded me of this home movie clip."
297	yes	no	yes	no	no	no	yes	Experts from around the world have advised to reduce mass gatherings in order to avoid the spread of the new Coronavirus COVID-19. That is why, this year, I decided not to participate in any Holi Milan program.
298	yes	no	yes	no	no	no	no	Prime Minister of Israel Benjamin Netanyahu USERID encourages Israelis to adopt the Indian way of greeting #Namaste at a press conference to mitigate the spread of #coronavirus
299	yes	no	yes	yes	yes	no	yes	Dear USERID: You knew about #Covid_19 in January. It's March and your Administration still doesn't have enough test kits. It's inconceivable and a breach of duty. Stop minimizing the #CoronaOutbreak and start directing. Lives are at stake. <link>
300	no					no	no	Safety is always the first. Don't panic and stay safe. #CoronaAlert <link>
301	yes	no	yes	no	no	no	yes	Countries with the highest number of diagnoses of #coronavirus 1. China 2. South Korea 3. Italy 4. Iran 5, Japan 6. France 7. Germany 8. Spain 9. Singapore 10. United States.
302	yes	no	yes	no	no	no	yes	I am amazed by the depth of #coronavirus information that is broadcast in #Singapore. On this site, you can see every known case of infection, where the person lives and works, in which hospital they were admitted, and the network topology of carriers, all arranged over a series of time <link>
303	no					no	no	Thank you, continue the great work!
304	yes	no	yes	no	no	no	yes	The new #coronavirus killed about 3.4% of confirmed cases worldwide - making it more deadly than the flu, but still containable. Seasonal flu mortality rate is less than 1% URL
305	no					no	no	Nigeria is able to effectively manage the Ebola and Corona virus, just let you know that the incompetence in everything else is on purpose
306	yes	no	yes	no	no	no	yes	I am announcing a new directive requiring NY health insurers to waive the sharing of costs associated with #coronavirus tests, including emergencies, emergency care and office visits. We cannot allow the cost to be an obstacle to access to COVID-19 tests for any New Yorker.
307	no					no	no	Now they want to clean up
308	yes	no	yes	no	no	no	no	Netanyahu announces Israel's new extreme measures against #corona. He orders the Israelis to stop shaking hands, rather suggests following the Indian custom of Namast.
309	yes	no	yes	yes	yes	yes	yes	I just talked to the emergency doctor who says he sees cases that he has 99% certainty are #coronavirus. Negative for flu, recent trips, work at airports. It is not allowed to test. Patients return to work because they cannot take free time with a firm diagnosis. Other emergency doctors who see the same thing.
310	no					yes	no	Slowly, all Hindu traditions will be accepted by the world. Yoga is already in. The need for family system & vegetarianism is terrible, universal acceptance to fight terrorism, polytheism to fight the hatred and fanaticism of communists. Time for non-scientific Abrahamic principles is over.<link>
311	no					no	yes	Congress should NOT link emergency funding #coronavirus to reauthorization #FISA. We MUST reform our FISA system to restore the confidence of the American people in our justice system and ensure what happened to USERID and its campaign in 2016 never again.<link>
312	yes	no	no	no	yes	no	no	The members of #EXO #Chanyeol, #Lay, #Suho and #Kai donated a total of 170 million won to the Korea Disaster Relief Association Hope Bridge to help fight the epidemic of #coronavirus. #COVID19 USERID USERID #ì°ì ́ì ́ ́ #ZhangYixing #ìïï ✓ #ììï
313	no					no	yes	Dear USERID Pence: What are you hiding from the American people? Why don't you let people see and hear what the experts say about the #CoronaOutbreak?
314	no					no	no	Dear USERID, Don't waste India's time playing clown with your social media accounts, when India is facing an emergency. Focus each Indian's attention on taking care of the challenge of the Corona virus. Here's how we do... #coronavirusindia
315	yes		yes	yes	yes	no	yes	Hang on - #China Communist Party now denying #CoronavirusOutbreak was born in China? This after the catastrophic mistreatment of the virus in Beijing caused a global health crisis? What collection of incompetent thugs and liars <link>
316	yes	no	yes	yes	yes	yes	yes	The World Health Organization has confirmed that Covid-19 is more deadly than seasonal flu, but does not transmit as easily. Read the latest updates on the Coronavirus epidemic here.
317	no					no	no	NOT PANIC! Here's everything you need to know &amp; to do as a responsible citizen.NOT PANIC! Here's everything you need to know and do as a responsible citizen. #coronavirusindia Microbe #covid2019 #CoronaAlert <link>
318	yes	yes	yes	yes	no	yes	yes	"Trump to Hannity on the WHO saying that the mortality rate by coronavirus is 3.4%: ""I think the number of 3.4% is really a false number. Now it's just my intuition, but based on many conversations... personally, I would say that the number is well below 1%."""
319	no					no	no	Dear USERID: Why don't we still test the scale we need to contain the #CoronavirusOutbreak? Have you ever apologized for criticizing your administration?
320	no					no	no	Thank you for the inspiration #India- from today all Israelis say #Shalomð ð ð ð °±#Namasteð ð °® ð °3
321	no					no	yes	If that's true, the USERID officials who refused to test the coronavirus for exposed U.S. Embassy staff must resign. In addition, a reminder that last week on the USERID committee, USERID refused 6 times to deny that #coronavirus is a farce. <link>
322	no					no	no	An appeal to all Democrats who come to the presidency, or anywhere else. Do you want to join President Trump in giving your quarterly salary to fight #CoronaVirus? Citizens would be very grateful. Thank you in advance.
323	yes	no	yes	no	no	no	no	A state of emergency has been declared for LA City and County due to confirmed cases of Coronavirus. Angelenos must be prepared but not panicked. Listen to expert advice. Be sure to follow USERID and USERID for the latest information and recommendations. <link>
324	no					no	no	We're doomed. #coronavirus #Covid_19 URL
325	no					no	yes	USERID Please post this. It shares vital information and is a class on how to lead in times of crisis An excellent speech from Singapore's Minister of Health, Mr. Gan Kim Yong. An excellent way to describe #coronavirus #CoronaVirusUpdate
326	no					no	yes	#B52Questions 1. Why is Rudy not under arrest? 2. Why isn't Harvey in Rikerâ îs? 3. Why is Cuccinelli still working? 4. Has Barr resigned? 5. When is Flynn convicted? 6. Who trusts Pence and Ms. Miller for the messages on the #coronavirus? 7. Is Raîs happy with their man?
327	yes	no	yes	no	no	no	yes	Globally, about 3.4% of reported cases of #COVID19 died.
328	no					yes	yes	It is a fair question of whether the lack of tests is due to the blatant incompetence of the USERID administration, or Trump's declared desire to minimize the #CoronaOutbreak. Anyway, we now have serious consequences. And we cannot get those critical weeks back.
329	yes		yes	yes	yes	yes	yes	Nothing to see here people. Only the USERID stopping an invoice of corona virus because it does not allow all their great pharmaceutical friends to bill what they want for a rescue vaccine that has not yet been developed. #OneVoice1 <link>
330	yes	no	yes	no	no	no	yes	Unbelievable! What South Korea does is really bend their curve #Covid19 epidemic. Only 131 new cases today, compared to 909 on February 29. It's not just China. This can be done clearly. URL URL
331	no					yes	no	"My students have noticed that the VOCID-19 shows us how any status ""honorary white"" placed on Asians in the United States has always been provisional."
332	yes	no	yes	no	no	no	no	The thing that everyone under the age of 50 must realize is that we are probably not going to die of COVID-19 but we will be absolutely the vectors that transmit the disease to the elderly who will * die*, which is why we must take precautions as well.
333	yes	no	yes	no	yes	no	yes	They did not reduce taxes. They did not bail out businesses. They just attacked the public health emergency. The way to allow economic recovery is to focus on public health. URL
334	yes	no	yes	no	yes	no	no	Sungai Buloh Hospital will soon be the COVID-19 center. Let this effort be a paradigm for a better precaution for all Malaysians. We organize beds 100% for patients COVID-19, &amp; re-distribution of patients in the house to the other tertiary hospital/district center for the continuation of care.
335	yes	yes	yes	yes	yes	yes	yes	"Within 5 months of the outbreak of Corona Virus, 3800 people around the world have died. In the same period The flu killed more than 310,000 people. Wake up! The Coronavirus ""Effraction"" is a maufacture crisis. Ask yourself: Who benefits from this crisis? Do you feel me??"
336	no					yes	no	If you didn't blame Obama for about 12,000 deaths of American swine flu (and I didn't), but you want to spin around and somehow pin about 22 corona virus on Trump/Pence, then YOU are the screwed up problem with the political discourse in this country.
337	yes	no	yes	no	no	no	no	Short video... #Coronavirus spreads worldwide #Wuhan #COVID2019 #koronawirus #Korona #CoronavirusSpread #CoronaVirusUpdate URL #COVID19
338	yes	no	yes	no	yes	no	yes	Looks like the corona virus is anti-black and I agree with this URL.
339	no					no	no	Chinese crown virus be like URL
340	yes	no	yes	no	no	no	no	Covid-19 hit during the cold/flu season. Do you wonder if you might have the virus? This graph on #covid19 v. cold v. flu is useful: URL
341	yes		no	no	no	no	no	North American: *Hygienic paper gassing, noisy debate on the merits of hand sanitization* France: For the last time, cocaine does not prevent the CORONAVIRUS URL
342	yes	no	no	no	no	no	no	Our graph #FlattenTheCurve is now on USERID with an appropriate allocation &amp; a CC-BY-SA license. Please share far &amp; wide and translate it into any language you can! Details in the thread below. #Covid_19 #COVID2019 #COVID19 #coronavirus Thanks to USERID &amp; USERID URL
343	yes	no	yes	yes	yes	yes	yes	The rude statements that spread misinformation and blame the Asians and the American Asian community for #coronavirus make us all less sure. USERID must delete this tweet and apologize immediately. URL
344	yes	no	yes	no	yes	no	no	Threat: On the #Coronavirus, we can enter a period of acceleration of cases. The country may seem very different over the next two weeks. We will go through this, but we need to take measures now to limit the scope and impact of the virus. There are things we can do now to help us. 1/n
345	no					no	no	For those liberals who blew up their plugs on people who call the Corona virus that is native to Wuhan the (wait for it...) #WuhanCoronavirus, here's a historical refresh... #Numbskulls URL
346	yes	no	yes	yes	yes	yes	yes	I just got a look at the guides to test VOCID-19 at a hospital in San Diego and they're... really bad! In order to get a test the patient must have had close contact with someone w a confirmed infection or went to an infected area. But it's totally insufficient!
347	yes	no	no	no	no	no	no	$57 round-trip to LA, thank you corona virus URL
348	yes	no	no	no	no	no	no	#Coronavirus is spreading. Let education spread faster. Please read & retweet so that we are all ready for #COVID19.URL
349	no					no	no	For all those who prefer consumer choice over a single paid health care system, understand that when you force people to access health care to be linked to their jobs, you take away their freedom and increase the precariousness of their lives.
350	yes	no	no	no	no	no	no	I have just been informed that my COVID-19 lab result was negative. In an abundance of caution, I will remain under self-care on the advice of health professionals until Thursday at 2:00 p.m. I continue to feel good and show no symptoms.
351	yes	yes	no	no	no	no	no	Corona got these cheap flights like hell why not URL
352	yes	no	yes	no	yes	no	yes	France, Spain and Germany are about 9 to 10 days behind in Italy in progress #COVID19; the United Kingdom and the United States follow at 13 to 16 days. In Italy, we have waited too long, these countries should really start implementing aggressive containment measures now. URL
353	yes	yes	no	yes	yes	yes	no	Corona Virus Pro Tip: If you mix Emergency-C with Vodka you can't literally get sick, it's actually science
354	yes	no	yes	no	yes	no	yes	.@SenSchumer &amp; I request that the Trump administration give priority to the health and safety of American workers and their families rather than to the interests of business.
355	yes	no	no	no	no	yes	no	"""Israel announces a mandatory quarantine of two weeks for all arriving abroad."" Do you want to bet that Israel has no epidemic in their country? Borders are a wonderful thing. #Coronavirus URL"
356	no					no	no	Nancy Binay is the best politician in recent years. Anyone who mocks her dark skin can now choke. URL
357	yes	no	yes	no	yes	yes	yes	As a result of the #coronavirus, Senator Josh Hawley presented an invoice to put an end to the dependence of the United States on China for the manufacture and distribution of our medical offer. URL
358	yes	no	yes	no	yes	no	no	I wanted detailed Covid-19 data, but I had trouble finding numbers without media bias accompanying them. I collected them myself, and I share them here. In this thread: - Incubation time - Occurrence Symptoms - Transmission rate - The first 20 American cases by date and place (continued)
359	yes		yes	yes	yes	yes	yes	Really dazzling analysis: The US is more vulnerable than many countries to #coronavirus due to the combination of high number of uninsured sick leave, many unpaid, and leadership that has minimized the challenge while not preparing the country for it. URL
360	yes	no	yes	no	yes	no	yes	I don't know who needs to hear this, but Alberta just added COVID19 tests to ALL respiratory samples taken at the emergency or hospital. So if you're looking for the flu, you'll also get a response on #covid19. should be #StandardOfCare IMHO.
361	yes		yes	no	yes	no	yes	An antiviral spray against the new #coronavirus has been developed in Shanghai Public Health Clinical Center, which can be put in the throat as a shield against the virus. Spray can greatly help protect front-line medical personnel, but mass production for public use is not available at the moment.
362	yes	no	yes	yes	yes	yes		#COVIDÃ1⁄419 Something we all need to be aware and alert. It's now up to third-generation infection. Watch this video (borrowed) to understand how easy it is to spread the virus. #coronavirus URL
363	yes	no	no	no	no	no	no	Can anyone explain why people who have come into contact with the CPAC participant are doing quarantine instead of getting a #coronavirus test? Wouldn't we want to know as soon as possible if someone who has interacted with the participant now has the virus? URL
364	yes	no	yes	no	yes	no	no	"At a briefing by the Korean government on the response of COVID-19: ""The government covers the financial costs of related tests and treatments instead of passing these expenses on to individuals. The government also reimburses medical facilities for losses incurred as a result of quarantine."""
365	yes	no	no	no	no	no	no	passport twitter has been silent since crown hit. should have spent ur money on Jordans
366	yes	no	yes	yes	yes	yes	yes	EXCLUSIVE Nadine Dorries, Minister of Health, became the first MP to be diagnosed with coronavirus She has been in Westminster for a week, met hundreds of people, and attended a reception #10 hosted by Boris Johnson on the URL Thursday
367	no					no	no	Company URL supporting document
368	yes	no	yes	yes	yes	yes	yes	Four days ago, USERID said that it stopped the #coronavirus &amp; – it closed. From tonight, there are more than 1000 cases in America with at least 31 deaths. The virus has now spread to 37 states. And we still lack sufficient tests. #FactsMatter URL
369	yes	no	no	no	no	no	no	I arrive in France after paying $00.38 for my round-trip plane tickets because of the URL for fear of the corona virus
370	yes	no	no	no	no	no	no	For my dear students: Due to the confirmed case of COVID-19 virus in Rizal, there will be no more research defense but you have to pass the manuscript on March 20. Stay home and work individually. P.S. your life is more valuable than your notes as a teacher I will do my part.
371	yes	no	yes	yes	yes	yes	yes	"Kevin McCarthy calling Chinese corona virus is a racist ploy to make a public health problem something that can be blamed on ""others"" - API children in schools already mocking having the virus - this kind of ""leadership"" by Republicans is a real danger to us all."
372	no					no	no	If this fear of Corona does not end soon imma must intervene
373	yes	no	yes	no	no	no	no	Threat: On Friday, January 31, 2020, a few weeks before #Coronavirus officially spread to other countries (which led to the bad stock market week from February 24 to February 28), Trump Admin announced travel restrictions on China. Here are some of the reports it generated.
374	yes		yes	yes	yes	yes	yes	Look at the diagnostic hospitals COVID-19. St. Luke's, Cardinal, Makati Med, Medical City. COVID-19 is not only a health problem. There is a strong class problem as well. Pag-mayaman, COVID. Pag-mahirap, ubo a mal de gorge lang.
375	yes	no	yes	no	yes	no	no	Tonight we crossed an important threshold: USERID ended 9 days ago. According to experts we consulted that the timing w NO NEW corona cases and NO stars w symptoms is a great turning point. More than 10,000 in a hotel w the virus present and no one is positive.
376	no					no	no	If anyone near our store has to isolate themselves on the corona virus and are on the advantages, I will develop a two-week food package that will be delivered to your door.
377	yes	no	yes	no	yes	no	no	Unbelievable! Kigali Bus Park passengers must wash their hands before boarding buses as a prevention and risk reduction #Coronavirus outbreak. #Rwanda URL
378	yes	yes	yes	yes	no	yes	no	Did anyone else notice that COVID-19 seemed to appear almost immediately after the failure of the impeachment?
379	yes	yes	yes	yes	yes	yes	yes	How did USERID fail to contain the #coronavirus? 1. By focusing on China, it failed to stop the virus from other countries; 2. By focusing on foreign nationals, it failed to stop the virus carried by American travellers; 3. By not testing, it left the virus undetectable. URL
380	no					yes	no	Zika, Ebola, Lyme disease, German measles, Spanish flu, Reston Virus, West Nile Virus, Hong Kong flu are/were all good tho? URL
381	yes	no	no	no	no	no	no	Just two months ago, the Taal volcano erupted, giving rise to great fear and suffering. Today, serenity reigns in Taal, reminding us that the outbreak of COVID-19, too, will come and go, and with social solidarity, we can emerge stronger as a nation.
382	yes	no	no	no	no	no	no	See some irregularities with the use of ff. in the articles, to provide clarity: ð☆§¬ SARS-CoV-2 (Severe Acute Respiratory Syndrome Coronavirus 2) is the virus. COVID-19 (Coronavirus Disease 2019) is the disease. That's why SARS-CoV-2 causes COVID-19. However, stay safe.
383	yes	yes	yes	no	no	no	no	#COVID19 is really contagious and not terribly dangerous, unless you've already compromised your health or lived in a place with a ton of pollution. It's a massive overreaction.
384	no					no	no	Corona is a black light and America is a sperm-covered hotel room
385	yes	no	yes	yes	yes	no	yes	Two weeks of sickness pay: ðð¬/06/§UK Â£188.50 What you would get if you lived in: ðððððð1Austria Â£574.70 ðððaGermany Â£574.70 ððaSweden Â£459.76 ðð3ððð ±Netherlands Â£402.29 ðőaðÿ España Â£241.37 Legal sickness pay in the United Kingdom is not enough to live. RT if you want decent #SickPayForAll #Coronavirus #Ridge #Marr
386	yes	no	yes	yes	yes	no	yes	Really confused here: we have three members of Congress who stand out prophylaxisly because of a possible exposure to Covid-19, but aren't they tested? It looks like they should be tested, right?
387	no					no	no	"Please help fight xenophobia: 1. Don't call COVID-19 ""Chinese Coronavirus"" or ""Wuhan Virus"" 2. Don't avoid Asian people or businesses 3. Call racism in the media when you see it (the stories on COVID don't need to have a picture of an Asian person, tyvm) URL"
388	no					no	no	Read this thread and RT. Great perspective that you don't hear from the media. URL
389	yes	no	no	no	no	no	no	But I thought the Corona Virus was just a democratic prank to hurt Trump? Moral to history: science and nature don't care about a fucking part you belong to. URL
390	no					no	no	covid-19 makes Namjoon angry and sad because he can't see Kammy so I have instructions: URL
391	no					no	no	If you're wondering why it's a group of older LGBTQ people trying to urge people to take the Corona Virus seriously and not just rub themselves because you think that only old and infirm people will die, I'm here to remind you that they've already looked at this kind of callousness in action.
392	yes		yes	yes	yes	yes	yes	Dear USERID Adams: You told USERID today that last week you weren't aware of any doctor asking for a #coronavirus test that could not get it. ER doc in this article had a patient with symptoms &amp; was refused test. Do you want to clarify? URL
393	no					no	no	We do all this shit for the corona virus and Niggaz doesn't send Flint, Michigan, a good plumber.
394	yes	no	yes	no	yes	no	no	Anong effect ng isang araw na suspension of classes/work? Nothing. Instead: 1. Disclose areas na can case ng COVID-19 2. The incubation period of the virus is 1 to 2 weeks, so we should also suspend classes/work for 14 days 3.
395	no					no	no	It's like suicide, but less the haram part, I'm in the URL.
396	yes	no	yes	no	no	no	no	"The first death of the Silicon Valley of COVID-19 was a woman in her 60s. My two parents are in their 60s. If you want to travel abroad and be socially irresponsible just because you're young, ""it's just the flu,"" or thefts are cheap then you're just a suspicious ugly."
397	yes	no	yes	yes	yes	yes	yes	ARREST: Chloroquine phosphate -- a former antimalarial drug -- demonstrated apparent efficacy in the treatment of VOCID-19-associated pneumonia in clinical studies.
398	no					no	no	I know everyone's panicking about COVID-19 right now, but here's some new FAB to make the world look like a less scary place. URL
399	yes	no	yes	no	yes	no	no	Ebola has a mortality rate of 50%. If you are infected, you will probably die. Covid-19 has a mortality rate of 3.4%. Obviously not as bad as Ebola, but which makes it up to 34x more deadly than seasonal flu URL
400	no					no	yes	1/ Many of you ask me why I take so seriously the outbreak of COVID-19. The current number of cases and deaths are *no* why. ðů A thread on why I am worried and what I do personally in this situation.
401	yes	no	yes	no	yes	no		Purchasing panic and storing toilet rolls continues. These are the scenes in Costco in Farnborough in Hampshire today. #coronavirus #toiletpaperpanic #panickbuying URL
402	no					no	no	Everyone can help prevent the spread of #COVID19. Call your doctor if you develop symptoms, have been in close contact with a person known to have COVID-19, or have recently traveled from a region with widespread or continuous community spread of COVID-19. URL.
403	no					no	no	"Isa sa pinakamaganda mong maa-ambag about the outbreak of COVID-19 ay ""pananahimik"" Stop spreading false news and do the research first before publishing something online. And also, Wash your hands intensively. Avoid touching your face. Pray. Pray. Pray. Pray."
404	yes	no	yes	no	no	no	yes	PREPARATION: Ministry of Health announces 11 other confirmed cases of #COVID19. Now 35 in PH.
405	yes	no	no	yes	yes	yes	yes	Why did he take the threat of a virus before they started cleaning the tube stations?? Trains need to be cleaned every week, seats have more dust than the Sahara Desert. URL
406	yes	no	yes	no	no	no	yes	There are now 10 new confirmed cases of #COVID19. Now total to 20, according to DOH Ó via USERID URL
407	yes	no	yes	yes	no	no	yes	Why are CDC's data on U.S. cases late compared to other entities (including WHO)? Why do we only learn from the PA about a CDC recommendation that U.S. seniors do not fly, and that the White House has prevented the CDC from making this recommendation known? URL
408	no							Not only Manila, pero pwede bang buong ncr l, mga mayors? Imagine students traveling from one city to another, ib't ibang tao nakasalamuha. It's possible that there are people out there na can covid-19 without them knowing it.
409	yes	no	yes	yes	yes	yes	yes	The President does not let us see. What is he hiding? Information Report on Warnings of Pandemic Hazards Time ________________________________________________________________________________________________________________________________________________________________________________________________________________________________________________________________
410	yes	no	yes	no	no	no	no	JUST IN: President Duterte suspends courses at all levels in the Manila Metro from March 10 to 14, 2020 in the middle of the threat of #COVID19 #WalangPassok URL
411	no					no		self quarantine #coronavirus URL
412	no					no	yes	"You mean when the news showed you to the American people that you had stopped the ""coronavirus"" of the ""Closing"" of the ""Tore"" of the ""Tore"" of the ""Tore"" of the ""Tore"" of the"
413	yes	no	no	no	no	no	no	Update of confirmed cases of #COVID19 outside China: #corona #coronavirus #CoronaVirusUpdate #Korona #koronawirus #Covid_19 #COVID2019 #coronavirusturkey #coronavirusitalIa URL
414	yes	no	yes	no	no	no	no	Toilet paper completely sold in supermarkets? Did you not wipe your ass before crown
415	yes		yes	yes	yes		yes	"The American company Gilead, which has the most promising VOCID-19 vaccine, is booming in ""sales of pandemic stock"", preparing to sell it for $50-100/person, and in a legal battle to deny access to the Chinese government, because China would make the vaccine free and ship it to the South World URL"
416	yes	no	yes	no	no	no		QUEZON City has a confirmed case of #COVID19, according to Mayor Joy Belmonte. Raya Capulong, ABS-CBN News URL
417	yes	no	yes	no	yes	no	no	"In #Italy we made a terrible mistake Everyone continued to say ""It's just a flu"" and now our intensive care units are falling apart. Our grandparents and parents, our friends, are dying Please learn the lesson. Now! #coronavirus #CoronavirusOutbreak #italylockdown #italystaystrong"
418	no					no	yes	We call on government communication agencies to give priority to public health interests in the light of a possible outbreak of corona virus. #BeNice URL
419	no					yes	no	Bring a girl around your friends and all of a sudden they start calling the coronavirus COVID-19
420	yes	no	no	no	yes	no	no	EXO Baekhyun gives 50 million won to help those affected by Corona 19 Adding the amounts given by EXO Members, they gave 220 million won in total!! #EXO #ë°±í USERID URL
421	yes		no	no	no	no	no	Corona has no chance against my mother of essential oils.
422	yes		yes	no	yes	yes	yes	The Democrats say Trump failed the US economy and yet we have the best economy in the world. They say he failed in his response COVID-19, and yet we have the weakest infections per million in the world.
423	no					no	no	Here's how the corona virus is spread #COVID2019 #CoronavirusOutbreak URL
424	no					no	no	If this tweet gets 10k RTs, I will film an attempt to infiltrate the Lynn Valley nursing home in Vancouver, British Columbia. 15 km from my home with an eruption of the Corona virus inside.
425	yes	no		no	yes	no	yes	According to the AP, Germany has more than 1,100 confirmed cases of #Coronavirus, but so far only * two deaths.* Experts say that early rapid tests have probably led to more diagnosis of the infected and have given the country a chance to contain and prepare for the virus.
426	yes	no		no	yes	no	yes	We don't yet have all the tools we need to fight VOCID-19. This is an important step towards getting treatment, while we also explore vaccines and diagnostics. Thank you to USERID and USERID for launching this effort with us. URL
427	no					no	yes	How to address potential cases of COVID-19? Here is an infographic that I made based on the DOH-PSMID Guidelines of March 9, 2020. Hopefully this will help us cope with the growing threat. Stay safe everyone. URL
428	yes		no	yes	yes	yes		More than 5,000 articles were written about the 1 case of #coronavirus at #CPAC2020. If it were a left-wing conference, the media would not touch it. It is an excellent example of the media attacking conservatives.
429	yes	no	no	no	no	no	no	All new cases of #COVID19 in PH are Filipinos Here is information about the 33 cases through the USERID URL
430	no					no	no	If Corona only gets people out of here, then... URL
431	yes	no	no	no	no	no	no	Aaron Ramsey brand &amp; Series A dies? We can beat this type ffs URL
432	no					no	no	Retweet this if you still have no idea how to get tested for #coronavirus.
433	no					no	no	Cancel Corona Virus ~ Not Coachella.
434	yes	no	yes	no	no	no	no	Update of confirmed cases of #COVID19 outside China: #corona #coronavirus #CoronaVirusUpdate #Korona #koronawirus #Covid_19 #COVID2019 #coronavirusturkey #coronavirusitalIa #okullatiledilsin URL
435	no					no	no	Yishun is really another URL city
436	yes	no	yes	no	yes	yes	yes	Dear USERID Have you spoken to your own USERID expert Dr. Fauci? He said that #coronavirus has a mortality rate of 2% &amp; that 15-20% of people will need hospitalization. This is about 20 times more deadly than influenza.
437	no					no	no	I've heard that it affects pigs in an important way.
438	no					no	no	Corona oppa pls stop ur world tour hyung u need to rest saranghae
439	no					yes	yes	The way it spreads in just two months is very scary.. Pay attention to people it is very serious!!! #Ø§..........................................................................................................................................................................................................................................................................
440	yes	no	yes	no	no	no	no	BREAKING: President Duterte declares #WalangPassok in ALL LEVELS in Manila Metro until March 14 due to #COVID19, via CNN Philippines URL
441	yes	no	yes	no	no	no	no	More than 9,000 reported cases (231 weeks ago) All sports events are suspended. All schools, universities closed. Theatres, gyms, bars, funerals and weddings are prohibited.
442	yes	no	yes	yes	yes	yes	yes	The Executive Office for the Examination of Immigration, which reports to the Ministry of Justice, said Monday in an email to all judges and staff members that all Coronavirus posters, which explain in English and Spanish how to prevent the capture and spread of the virus, should be removed.
443	yes		yes	no	no	no	no	Umm seems you should perhaps include this part in your tweet instead of contributing to the men's mass hysteria of Bergen County with several underlying medical conditions, including emphysema, diabetes + hypertension, is NJâs first death coronavirus, state officials said Tuesday.
444	no					no	no	I explain to my children how I survived the corona virus URL
445	yes	no	yes	no	yes	no	no	The country is panicked by #coronavirus, but this influenza season has been marked by 9.7 million influenza diseases, 87,000 hospitalizations and 4800 influenza deaths, including 32 paediatric deaths. It's time to stop panicking and put things in perspective.
446	no					no	no	#RM #Namjoon USERID He had eyes tears talking about the army, he said he had no energy at the promotions because we weren't there, he came home early after the music shows and cried out of frustration, that the whole situation (corona) is so unfair &amp; sad ð ð ð ¥oðððð URL
447	yes		yes	yes	yes	yes	no	These three faces will become the most hated in American history. They are traitors to our nation, democracy and the Constitution.
448	yes		yes	yes	yes	yes	yes	Trump Administration orders immigration offices to immediately remove posters explaining how to prevent #coronavirus URL
449	yes	no	yes	yes	yes	yes	yes	I am a nurse who works &gt; 50 hours/wk with our most vulnerable. I can't be tested None of our caregivers can be tested My patients can't be tested My families of patients can't be tested My family members can't be tested. And no one can afford to miss the job #GasMaskGaetz URL
450	yes	no	yes	yes	yes	yes	yes	I mainly shared this story because I want people to know how hard it is to get tested for #COVID19 in Missouri right now. With such a narrow group of people tested, can we really know the extent of the epidemic? The current system seems pretty stupid.
451	no					no	no	"Hello, 25th. ""It was definitely based on this"": Trump, Chief Germaphobe, struggle to control the Covid-19 URL of history"
